grp,decade,DV,BT,n,dv_share
Coast and north,1960,56,0,56,1
Coast and north,1970,553,1,554,0.9981949458483754
Coast and north,1980,761,3,764,0.9960732984293194
Coast and north,1990,2147,100,2247,0.9554962171784601
Coast and north,2000,912,118,1030,0.8854368932038835
Coast and north,2010,2042,419,2461,0.8297440065014222
Coast and north,2020,150,0,150,1
Columbia,1960,32,4,36,0.8888888888888888
Columbia,1970,413,61,474,0.8713080168776371
Columbia,1980,118,59,177,0.6666666666666666
Columbia,1990,8,1376,1384,0.005780346820809248
Columbia,2000,0,743,743,0
Columbia,2010,0,1631,1631,0
Columbia,2020,0,36,36,0
Fraser,1960,43,3,46,0.9347826086956522
Fraser,1970,267,43,310,0.8612903225806452
Fraser,1980,426,52,478,0.891213389121339
Fraser,1990,403,686,1089,0.37006427915518825
Fraser,2000,86,519,605,0.14214876033057852
Fraser,2010,49,1032,1081,0.045328399629972246
Fraser,2020,1,274,275,0.0036363636363636364
Mackenzie,1960,15,1,16,0.9375
Mackenzie,1970,334,119,453,0.7373068432671082
Mackenzie,1980,199,149,348,0.5718390804597702
Mackenzie,1990,237,779,1016,0.23326771653543307
Mackenzie,2000,129,1327,1456,0.0885989010989011
Mackenzie,2010,117,1445,1562,0.07490396927016646
Mackenzie,2020,0,11,11,0
Skeena,1960,24,0,24,1
Skeena,1970,346,0,346,1
Skeena,1980,141,0,141,1
Skeena,1990,1582,160,1742,0.9081515499425947
Skeena,2000,387,63,450,0.86
Skeena,2010,439,8,447,0.9821029082774049
Skeena,2020,6,0,6,1
