watershed_group_code,era,BT,DV,n,dv_share
ADMS,1995 on,44,8,52,0.15384615384615385
ADMS,before 1995,0,4,4,1
ALBN,1995 on,0,57,57,1
ALBN,before 1995,0,41,41,1
ATLL,before 1995,0,1,1,1
ATNA,1995 on,0,5,5,1
ATNA,before 1995,0,9,9,1
BABL,1995 on,1,166,167,0.9940119760479041
BABL,before 1995,0,10,10,1
BABR,1995 on,31,327,358,0.9134078212290503
BABR,before 1995,0,26,26,1
BARR,1995 on,5,25,30,0.8333333333333334
BARR,before 1995,0,5,5,1
BBAR,1995 on,3,0,3,0
BBAR,before 1995,13,7,20,0.35
BEAV,1995 on,2,0,2,0
BEAV,before 1995,3,1,4,0.25
BELA,1995 on,0,150,150,1
BELA,before 1995,0,12,12,1
BIGC,1995 on,2,0,2,0
BIGC,before 1995,1,0,1,0
BLAR,1995 on,1,1,2,0.5
BLAR,before 1995,3,1,4,0.25
BLUR,1995 on,14,2,16,0.125
BONP,1995 on,1,0,1,0
BOWR,1995 on,29,0,29,0
BOWR,before 1995,6,22,28,0.7857142857142857
BRKS,1995 on,1,104,105,0.9904761904761905
BRKS,before 1995,0,8,8,1
BULK,1995 on,51,394,445,0.8853932584269663
BULK,before 1995,0,42,42,1
BULL,1995 on,89,0,89,0
BULL,before 1995,19,47,66,0.7121212121212122
CAMB,1995 on,0,35,35,1
CAMB,before 1995,0,98,98,1
CANO,1995 on,41,2,43,0.046511627906976744
CANO,before 1995,18,3,21,0.14285714285714285
CARP,1995 on,1,0,1,0
CARP,before 1995,0,9,9,1
CARR,1995 on,79,0,79,0
CARR,before 1995,17,4,21,0.19047619047619047
CHES,1995 on,1,0,1,0
CHES,before 1995,0,3,3,1
CHIL,before 1995,0,1,1,1
CHIR,1995 on,190,0,190,0
CHIR,before 1995,10,3,13,0.23076923076923078
CHUK,1995 on,0,1,1,1
CHWK,1995 on,53,33,86,0.38372093023255816
CHWK,before 1995,2,29,31,0.9354838709677419
CLAY,1995 on,0,109,109,1
CLAY,before 1995,0,16,16,1
CLRH,1995 on,140,0,140,0
CLRH,before 1995,19,8,27,0.2962962962962963
CLWR,before 1995,0,2,2,1
COAL,1995 on,0,2,2,1
COAL,before 1995,5,8,13,0.6153846153846154
COLR,1995 on,34,0,34,0
COLR,before 1995,18,51,69,0.7391304347826086
COMX,1995 on,0,47,47,1
COMX,before 1995,0,29,29,1
COTR,1995 on,83,3,86,0.03488372093023256
COTR,before 1995,1,2,3,0.6666666666666666
COWN,1995 on,10,9,19,0.47368421052631576
COWN,before 1995,4,72,76,0.9473684210526315
CRKD,1995 on,2,0,2,0
CRKD,before 1995,1,7,8,0.875
DEAD,1995 on,1,0,1,0
DEAL,1995 on,7,2,9,0.2222222222222222
DEAL,before 1995,0,2,2,1
DEAR,1995 on,1,0,1,0
DEAR,before 1995,0,2,2,1
DOGC,1995 on,1,1,2,0.5
DOGC,before 1995,15,1,16,0.0625
DRIR,before 1995,8,13,21,0.6190476190476191
DUNC,1995 on,316,0,316,0
DUNC,before 1995,61,0,61,0
DUNE,1995 on,1,0,1,0
ELKR,1995 on,494,0,494,0
ELKR,before 1995,104,162,266,0.6090225563909775
EUCH,before 1995,0,1,1,1
EUCL,1995 on,1,4,5,0.8
EUCL,before 1995,4,5,9,0.5555555555555556
FINA,1995 on,73,1,74,0.013513513513513514
FINA,before 1995,31,41,72,0.5694444444444444
FINL,1995 on,26,0,26,0
FINL,before 1995,12,4,16,0.25
FIRE,1995 on,266,275,541,0.5083179297597042
FIRE,before 1995,6,30,36,0.8333333333333334
FONT,1995 on,1,0,1,0
FOXR,1995 on,33,0,33,0
FOXR,before 1995,0,3,3,1
FRAN,1995 on,16,101,117,0.8632478632478633
FRAN,before 1995,0,9,9,1
FRCN,1995 on,79,34,113,0.3008849557522124
FRCN,before 1995,2,21,23,0.9130434782608695
FROG,before 1995,2,1,3,0.3333333333333333
GATA,1995 on,18,0,18,0
GOLD,1995 on,0,152,152,1
GOLD,before 1995,0,9,9,1
GRAI,1995 on,0,294,294,1
GRAI,before 1995,0,132,132,1
GUIC,1995 on,1,0,1,0
HARR,1995 on,40,27,67,0.40298507462686567
HARR,before 1995,1,12,13,0.9230769230769231
HERR,1995 on,108,2,110,0.01818181818181818
HERR,before 1995,0,52,52,1
HOLB,1995 on,0,67,67,1
HOLB,before 1995,0,6,6,1
HOMA,1995 on,21,110,131,0.8396946564885496
HOMA,before 1995,8,97,105,0.9238095238095239
HORS,1995 on,3,3,6,0.5
HORS,before 1995,0,1,1,1
INGR,1995 on,30,0,30,0
INGR,before 1995,0,4,4,1
INKR,1995 on,2,38,40,0.95
INKR,before 1995,0,42,42,1
ISKR,1995 on,87,50,137,0.36496350364963503
ISKR,before 1995,0,31,31,1
JERV,1995 on,17,350,367,0.9536784741144414
JERV,before 1995,0,36,36,1
KHOR,1995 on,49,0,49,0
KHOR,before 1995,27,35,62,0.5645161290322581
KHTZ,1995 on,0,43,43,1
KHTZ,before 1995,0,8,8,1
KINR,1995 on,2,13,15,0.8666666666666667
KINR,before 1995,0,7,7,1
KISK,before 1995,1,0,1,0
KISP,1995 on,15,113,128,0.8828125
KISP,before 1995,0,126,126,1
KITL,1995 on,0,34,34,1
KITL,before 1995,0,17,17,1
KITR,1995 on,1,181,182,0.9945054945054945
KITR,before 1995,0,25,25,1
KLAR,1995 on,24,4,28,0.14285714285714285
KLIN,1995 on,52,6,58,0.10344827586206896
KLIN,before 1995,5,6,11,0.5454545454545454
KLUM,1995 on,34,255,289,0.8823529411764706
KLUM,before 1995,0,74,74,1
KNIG,1995 on,0,41,41,1
KNIG,before 1995,0,23,23,1
KOTL,1995 on,177,0,177,0
KOTL,before 1995,86,79,165,0.47878787878787876
KOTR,1995 on,139,0,139,0
KOTR,before 1995,35,39,74,0.527027027027027
KSHR,1995 on,0,83,83,1
KSHR,before 1995,0,4,4,1
KUMR,1995 on,0,45,45,1
KUMR,before 1995,0,16,16,1
KUSR,1995 on,0,5,5,1
KUSR,before 1995,0,2,2,1
LARL,1995 on,227,0,227,0
LARL,before 1995,9,16,25,0.64
LBIR,1995 on,13,75,88,0.8522727272727273
LBIR,before 1995,0,28,28,1
LBTN,1995 on,1,0,1,0
LBTN,before 1995,1,0,1,0
LCHL,1995 on,4,1,5,0.2
LCHL,before 1995,0,2,2,1
LCHR,1995 on,2,0,2,0
LCHR,before 1995,0,2,2,1
LDEN,1995 on,0,6,6,1
LDEN,before 1995,1,8,9,0.8888888888888888
LFRA,1995 on,95,23,118,0.19491525423728814
LFRA,before 1995,1,52,53,0.9811320754716981
LHAF,1995 on,143,0,143,0
LHAF,before 1995,12,0,12,0
LIAR,1995 on,20,5,25,0.2
LIAR,before 1995,22,37,59,0.6271186440677966
LILL,1995 on,485,107,592,0.18074324324324326
LILL,before 1995,0,66,66,1
LISR,1995 on,203,62,265,0.2339622641509434
LISR,before 1995,0,45,45,1
LKEC,before 1995,0,5,5,1
LKEL,1995 on,1,46,47,0.9787234042553191
LKEL,before 1995,0,38,38,1
LMUS,before 1995,4,2,6,0.3333333333333333
LNAR,1995 on,25,288,313,0.9201277955271565
LNAR,before 1995,0,64,64,1
LNIC,1995 on,14,2,16,0.125
LNIC,before 1995,2,6,8,0.75
LNTH,1995 on,139,6,145,0.041379310344827586
LNTH,before 1995,15,20,35,0.5714285714285714
LOMI,1995 on,33,1,34,0.029411764705882353
LOMI,before 1995,0,4,4,1
LPCE,1995 on,184,0,184,0
LPCE,before 1995,4,0,4,0
LPRO,before 1995,3,1,4,0.25
LRAN,1995 on,1,6,7,0.8571428571428571
LRDO,1995 on,0,31,31,1
LRDO,before 1995,0,14,14,1
LSAL,before 1995,0,7,7,1
LSKE,1995 on,9,387,396,0.9772727272727273
LSKE,before 1995,1,81,82,0.9878048780487805
LSTR,1995 on,0,8,8,1
LSTR,before 1995,0,27,27,1
LTRE,1995 on,3,0,3,0
MAHD,before 1995,1,3,4,0.75
MBNK,1995 on,0,1,1,1
MCGR,1995 on,8,1,9,0.1111111111111111
MCGR,before 1995,0,46,46,1
MDEA,1995 on,22,1,23,0.043478260869565216
MDEA,before 1995,0,2,2,1
MESI,1995 on,66,0,66,0
MESI,before 1995,6,9,15,0.6
MIDR,1995 on,7,0,7,0
MIDR,before 1995,0,10,10,1
MMUS,1995 on,23,2,25,0.08
MMUS,before 1995,1,2,3,0.6666666666666666
MORI,1995 on,0,76,76,1
MORI,before 1995,0,151,151,1
MORK,1995 on,39,2,41,0.04878048780487805
MORK,before 1995,0,53,53,1
MORR,1995 on,59,349,408,0.8553921568627451
MORR,before 1995,0,73,73,1
MPRO,1995 on,3,2,5,0.4
MPRO,before 1995,6,1,7,0.14285714285714285
MSKE,1995 on,1,37,38,0.9736842105263158
MSKE,before 1995,0,36,36,1
MSTR,1995 on,2,3,5,0.6
MSTR,before 1995,0,2,2,1
MURR,1995 on,163,2,165,0.012121212121212121
MURR,before 1995,78,89,167,0.5329341317365269
MUSK,before 1995,0,4,4,1
NAHR,1995 on,0,1,1,1
NAHR,before 1995,0,22,22,1
NAKR,1995 on,0,13,13,1
NAKR,before 1995,0,12,12,1
NARC,1995 on,6,0,6,0
NARC,before 1995,1,4,5,0.8
NASC,1995 on,0,100,100,1
NASC,before 1995,0,16,16,1
NASR,1995 on,9,4,13,0.3076923076923077
NASR,before 1995,0,10,10,1
NATR,1995 on,41,1,42,0.023809523809523808
NATR,before 1995,7,20,27,0.7407407407407407
NBNK,before 1995,0,2,2,1
NECL,1995 on,0,43,43,1
NECL,before 1995,0,9,9,1
NECR,1995 on,12,0,12,0
NECR,before 1995,0,2,2,1
NEVI,1995 on,0,30,30,1
NEVI,before 1995,0,29,29,1
NIEL,1995 on,0,217,217,1
NIEL,before 1995,0,46,46,1
NIMP,1995 on,0,345,345,1
NIMP,before 1995,0,25,25,1
OKAN,1995 on,8,0,8,0
OKAN,before 1995,0,2,2,1
OSPK,1995 on,16,0,16,0
OSPK,before 1995,0,2,2,1
OWIK,1995 on,0,205,205,1
OWIK,before 1995,0,31,31,1
PARA,1995 on,56,0,56,0
PARA,before 1995,29,28,57,0.49122807017543857
PARK,1995 on,4,2,6,0.3333333333333333
PARK,before 1995,0,4,4,1
PARS,1995 on,222,1,223,0.004484304932735426
PARS,before 1995,15,107,122,0.8770491803278688
PCEA,1995 on,118,0,118,0
PCEA,before 1995,70,58,128,0.453125
PINE,1995 on,175,0,175,0
PINE,before 1995,67,62,129,0.4806201550387597
PITR,before 1995,0,2,2,1
PORI,1995 on,0,26,26,1
QUES,1995 on,31,3,34,0.08823529411764706
QUES,before 1995,8,3,11,0.2727272727272727
REVL,1995 on,745,0,745,0
REVL,before 1995,52,12,64,0.1875
SALM,1995 on,0,75,75,1
SALM,before 1995,0,26,26,1
SALR,1995 on,0,1,1,1
SALR,before 1995,0,7,7,1
SANJ,1995 on,0,8,8,1
SANJ,before 1995,0,27,27,1
SETN,1995 on,433,10,443,0.022573363431151242
SETN,before 1995,32,51,83,0.6144578313253012
SEYM,1995 on,0,21,21,1
SEYM,before 1995,0,3,3,1
SHER,1995 on,0,6,6,1
SHER,before 1995,0,47,47,1
SHUL,1995 on,11,7,18,0.3888888888888889
SHUL,before 1995,2,38,40,0.95
SIML,1995 on,1,1,2,0.5
SIML,before 1995,3,1,4,0.25
SKGT,1995 on,15,16,31,0.5161290322580645
SKGT,before 1995,0,3,3,1
SLOC,1995 on,68,0,68,0
SLOC,before 1995,14,31,45,0.6888888888888889
SMAR,1995 on,140,0,140,0
SMAR,before 1995,48,74,122,0.6065573770491803
SMOK,1995 on,66,3,69,0.043478260869565216
SMOK,before 1995,36,31,67,0.4626865671641791
SPAT,1995 on,5,8,13,0.6153846153846154
SPAT,before 1995,1,2,3,0.6666666666666666
SQAM,1995 on,85,409,494,0.8279352226720648
SQAM,before 1995,0,69,69,1
STHM,1995 on,2,0,2,0
STHM,before 1995,1,4,5,0.8
STIR,1995 on,0,6,6,1
STIR,before 1995,0,23,23,1
STUL,1995 on,0,1,1,1
STUL,before 1995,0,3,3,1
STUR,before 1995,1,1,2,0.5
SUST,1995 on,7,18,25,0.72
SUST,before 1995,1,42,43,0.9767441860465116
SWIR,1995 on,5,0,5,0
SWIR,before 1995,0,1,1,1
TABR,1995 on,13,1,14,0.07142857142857142
TABR,before 1995,0,1,1,1
TAHR,1995 on,6,1,7,0.14285714285714285
TAHR,before 1995,0,5,5,1
TAHS,1995 on,0,10,10,1
TAHS,before 1995,0,23,23,1
TAKL,1995 on,17,3,20,0.15
TAKL,before 1995,1,26,27,0.9629629629629629
TASR,1995 on,5,0,5,0
TASR,before 1995,15,10,25,0.4
TATR,1995 on,0,4,4,1
TATR,before 1995,0,14,14,1
TAYR,1995 on,3,1,4,0.25
TAYR,before 1995,0,1,1,1
THOM,1995 on,4,0,4,0
THOM,before 1995,1,4,5,0.8
TOAD,1995 on,6,3,9,0.3333333333333333
TOAD,before 1995,7,2,9,0.2222222222222222
TOBA,1995 on,0,204,204,1
TOBA,before 1995,0,61,61,1
TOOD,1995 on,17,2,19,0.10526315789473684
TOOD,before 1995,4,17,21,0.8095238095238095
TSAY,1995 on,0,134,134,1
TSAY,before 1995,0,4,4,1
TSIT,1995 on,0,97,97,1
TSIT,before 1995,0,17,17,1
TURN,1995 on,1,0,1,0
TURN,before 1995,19,49,68,0.7205882352941176
TUYR,1995 on,2,0,2,0
TUYR,before 1995,1,0,1,0
TWAC,1995 on,0,1,1,1
TWAC,before 1995,1,0,1,0
UARL,1995 on,699,0,699,0
UARL,before 1995,30,8,38,0.21052631578947367
UBIR,1995 on,18,70,88,0.7954545454545454
UBIR,before 1995,0,19,19,1
UBTN,1995 on,1,0,1,0
UCHR,1995 on,5,0,5,0
UCHR,before 1995,2,0,2,0
UDEN,1995 on,0,13,13,1
UDEN,before 1995,1,41,42,0.9761904761904762
UFRA,1995 on,89,0,89,0
UFRA,before 1995,0,6,6,1
UHAF,1995 on,181,0,181,0
UHAF,before 1995,17,0,17,0
UISR,before 1995,0,2,2,1
UKEC,1995 on,6,0,6,0
UKEC,before 1995,2,1,3,0.3333333333333333
ULRD,1995 on,0,4,4,1
ULRD,before 1995,3,25,28,0.8928571428571429
UMUS,1995 on,9,0,9,0
UMUS,before 1995,1,1,2,0.5
UNAR,1995 on,1,3,4,0.75
UNAR,before 1995,0,1,1,1
UNRS,1995 on,1,0,1,0
UNRS,before 1995,0,1,1,1
UNTH,1995 on,131,3,134,0.022388059701492536
UNTH,before 1995,15,60,75,0.8
UNUR,1995 on,2,25,27,0.9259259259259259
UNUR,before 1995,0,51,51,1
UOMI,1995 on,54,38,92,0.41304347826086957
UOMI,before 1995,2,5,7,0.7142857142857143
UPCE,1995 on,1214,1,1215,8.230452674897119e-4
UPCE,before 1995,18,5,23,0.21739130434782608
UPRO,1995 on,17,0,17,0
USHU,1995 on,43,17,60,0.2833333333333333
USHU,before 1995,6,162,168,0.9642857142857143
USIK,1995 on,1,0,1,0
USIK,before 1995,1,0,1,0
USKE,1995 on,0,5,5,1
USKE,before 1995,0,25,25,1
USTK,1995 on,0,2,2,1
USTK,before 1995,0,4,4,1
UTRE,1995 on,1,2,3,0.6666666666666666
UTRE,before 1995,0,3,3,1
WILL,1995 on,78,2,80,0.025
WILL,before 1995,7,15,22,0.6818181818181818
WORC,1995 on,0,138,138,1
WORC,before 1995,0,33,33,1
ZYMO,1995 on,20,227,247,0.9190283400809717
ZYMO,before 1995,0,28,28,1
