"watershed_group_code","digest"
"ELKR","f0efa1ebf6395e0a982217d7908ba51f"
"KETL","7a83e1e2d53af2c840b1c21d288ed90d"
"KOTL","1ddc4cc83a9920e0c49eb8c33bfe96c1"
"KOTR","bd63e0e7cfc50e46a2244c7985a0b90a"
"LHAF","c78deabab42aebeec8bc6a2c18c2b306"
"MURR","fcd93bc9e43271ad45049a708a8fdf2f"
"OKAN","b76b12237d225473331cc4ca3e3431aa"
"PARS","7ca7084c350f909279a19f57ed24df75"
"REVL","5d4e96a758116ef5b62c020b03766132"
"SIML","b9090b9293927b2803bfc81bb36f9aa6"
"UARL","c57a77c806a352c08a7634979f76799c"
"UBTN","d2aa98fc85b6edb5b0ca555773788ac8"
