"species_code","column","role","class","elev_class","km","n","per_100km","core_per_100km","ratio_to_core"
"BT","rear_mad_min","held_out","bt_rear_mad_p02","low",551.374198572925,0,0,19.3030389818136,0
"BT","rear_mad_min","held_out","bt_rear_mad_p02","mid",807.523267425176,5,0.619177205375484,15.0083361562853,0.0412555528426235
"BT","rear_mad_min","held_out","bt_rear_mad_p02","high",1165.47939794354,5,0.42900801239579,9.45657324838106,0.045366117421999
"BT","rear_mad_min","held_out","bt_rear_mad_p05","low",505.665022415864,17,3.36190941560103,19.3030389818136,0.174164773679858
"BT","rear_mad_min","held_out","bt_rear_mad_p05","mid",638.689511521902,14,2.19198839928341,15.0083361562853,0.146051392803155
"BT","rear_mad_min","held_out","bt_rear_mad_p05","high",895.868628436195,14,1.56272912742106,9.45657324838106,0.165253214496974
"BT","rear_mad_min","held_out","bt_rear_mad_p10 removed","low",774.659864596304,205,26.4632272006026,19.3030389818136,1.37093580060295
"BT","rear_mad_min","held_out","bt_rear_mad_p10 removed","mid",454.442413991948,0,0,15.0083361562853,0
"BT","rear_mad_min","held_out","bt_rear_mad_p10 removed","high",214.749778237552,0,0,9.45657324838106,0
"BT","rear_mad_min","held_out","core","low",2895.9170653215,559,19.3030389818136,19.3030389818136,1
"BT","rear_mad_min","held_out","core","mid",2891.72627452276,434,15.0083361562853,15.0083361562853,1
"BT","rear_mad_min","held_out","core","high",2886.8808270135,273,9.45657324838106,9.45657324838106,1
"BT","rear_mad_min","in_sample","bt_rear_mad_p02","low",205.726615928561,0,0,11.6354586380342,0
"BT","rear_mad_min","in_sample","bt_rear_mad_p02","mid",465.640575664603,2,0.429515833568719,14.8561805479276,0.0289115921944444
"BT","rear_mad_min","in_sample","bt_rear_mad_p02","high",290.545812242544,1,0.344179801554053,7.60241931354643,0.0452724043964233
"BT","rear_mad_min","in_sample","bt_rear_mad_p05","low",181.793339184935,0,0,11.6354586380342,0
"BT","rear_mad_min","in_sample","bt_rear_mad_p05","mid",315.701949533008,1,0.316754458272816,14.8561805479276,0.0213213926184414
"BT","rear_mad_min","in_sample","bt_rear_mad_p05","high",275.518844657516,8,2.90361264034204,7.60241931354643,0.381932713862312
"BT","rear_mad_min","in_sample","bt_rear_mad_p10 removed","low",91.1795680457945,6,6.58042161044953,11.6354586380342,0.565548966754033
"BT","rear_mad_min","in_sample","bt_rear_mad_p10 removed","mid",6.44478792734548,0,0,14.8561805479276,0
"BT","rear_mad_min","in_sample","bt_rear_mad_p10 removed","high",6.06432588989707,0,0,7.60241931354643,0
"BT","rear_mad_min","in_sample","core","low",1211.81299668839,141,11.6354586380342,11.6354586380342,1
"BT","rear_mad_min","in_sample","core","mid",1211.61693895212,180,14.8561805479276,14.8561805479276,1
"BT","rear_mad_min","in_sample","core","high",1210.14109069292,92,7.60241931354643,7.60241931354643,1
"BT","spawn_mad_min","held_out","bt_spawn_mad_p02","low",471.781024730469,0,0,19.5325833791419,0
"BT","spawn_mad_min","held_out","bt_spawn_mad_p02","mid",731.778152620109,1,0.136653437441324,18.4075262513642,0.00742378066315113
"BT","spawn_mad_min","held_out","bt_spawn_mad_p02","high",926.888099123232,6,0.647327331710867,13.6180276867499,0.0475345877245281
"BT","spawn_mad_min","held_out","bt_spawn_mad_p05","low",361.027305836332,10,2.76987359081737,19.5325833791419,0.141807846768247
"BT","spawn_mad_min","held_out","bt_spawn_mad_p05","mid",513.01068416211,10,1.94927714153416,18.4075262513642,0.105895660009704
"BT","spawn_mad_min","held_out","bt_spawn_mad_p05","high",565.383436883271,10,1.76871116973747,13.6180276867499,0.129880127315234
"BT","spawn_mad_min","held_out","bt_spawn_mad_p10 removed","low",488.846713816815,205,41.9354358341497,19.5325833791419,2.14694774470698
"BT","spawn_mad_min","held_out","bt_spawn_mad_p10 removed","mid",184.966175598425,0,0,18.4075262513642,0
"BT","spawn_mad_min","held_out","bt_spawn_mad_p10 removed","high",117.395831512456,0,0,13.6180276867499,0
"BT","spawn_mad_min","held_out","core","low",2129.77460239197,416,19.5325833791419,19.5325833791419,1
"BT","spawn_mad_min","held_out","core","mid",2124.13115516281,391,18.4075262513642,18.4075262513642,1
"BT","spawn_mad_min","held_out","core","high",2122.18690288896,289,13.6180276867499,13.6180276867499,1
"BT","spawn_mad_min","in_sample","bt_spawn_mad_p02","low",179.139239777959,0,0,13.1600125573266,0
"BT","spawn_mad_min","in_sample","bt_spawn_mad_p02","mid",291.571893859375,1,0.342968585470827,17.144160801067,0.0200049795058783
"BT","spawn_mad_min","in_sample","bt_spawn_mad_p02","high",152.961918140859,2,1.30751498432325,10.6331875641936,0.122965477325558
"BT","spawn_mad_min","in_sample","bt_spawn_mad_p05","low",146.437124756138,0,0,13.1600125573266,0
"BT","spawn_mad_min","in_sample","bt_spawn_mad_p05","mid",189.589129087227,1,0.527456402597807,17.144160801067,0.0307659505016413
"BT","spawn_mad_min","in_sample","bt_spawn_mad_p05","high",139.912118447652,3,2.14420311355835,10.6331875641936,0.201651960017971
"BT","spawn_mad_min","in_sample","bt_spawn_mad_p10 removed","low",89.102231713908,6,6.7338380695839,13.1600125573266,0.511689334660623
"BT","spawn_mad_min","in_sample","bt_spawn_mad_p10 removed","mid",1.09088970968796,0,0,17.144160801067,0
"BT","spawn_mad_min","in_sample","bt_spawn_mad_p10 removed","high",0.494620161080896,0,0,10.6331875641936,0
"BT","spawn_mad_min","in_sample","core","low",828.266686868136,109,13.1600125573266,13.1600125573266,1
"BT","spawn_mad_min","in_sample","core","mid",828.270346082862,142,17.144160801067,17.144160801067,1
"BT","spawn_mad_min","in_sample","core","high",827.597552180243,88,10.6331875641936,10.6331875641936,1
"GR","rear_mad_min","held_out","core","low",276.286566967385,27,9.77246208397359,9.77246208397359,1
"GR","rear_mad_min","held_out","core","mid",275.849376890828,28,10.1504670105097,10.1504670105097,1
"GR","rear_mad_min","held_out","core","high",273.265491999999,12,4.39133383149602,4.39133383149602,1
"GR","rear_mad_min","held_out","gr_rear_mad_p02","low",220.331688862863,1,0.453861178644353,9.77246208397359,0.0464428692323776
"GR","rear_mad_min","held_out","gr_rear_mad_p02","mid",518.016787131016,8,1.54435149569326,10.1504670105097,0.152145856352644
"GR","rear_mad_min","held_out","gr_rear_mad_p02","high",1935.08126417735,27,1.39529023921785,4.39133383149602,0.317737228085552
"GR","rear_mad_min","held_out","gr_rear_mad_p05","low",157.852124413889,13,8.23555593456184,9.77246208397359,0.842730917121468
"GR","rear_mad_min","held_out","gr_rear_mad_p05","mid",423.982828710227,24,5.66060660357614,10.1504670105097,0.557669573007351
"GR","rear_mad_min","held_out","gr_rear_mad_p05","high",940.830557849369,20,2.12578129325622,4.39133383149602,0.484085559155045
"GR","rear_mad_min","held_out","gr_rear_mad_p10 removed","low",321.832454847316,61,18.953961628556,9.77246208397359,1.93952777362418
"GR","rear_mad_min","held_out","gr_rear_mad_p10 removed","mid",159.241541772763,1,0.627976838749145,10.1504670105097,0.0618667927395798
"GR","rear_mad_min","held_out","gr_rear_mad_p10 removed","high",313.296062986718,6,1.91512141672025,4.39133383149602,0.436113830149828
"GR","rear_mad_min","in_sample","core","low",276.652022846948,109,39.3996757653574,39.3996757653574,1
"GR","rear_mad_min","in_sample","core","mid",276.345176680246,58,20.9882440130702,20.9882440130702,1
"GR","rear_mad_min","in_sample","core","high",276.258540577985,21,7.60157494355252,7.60157494355252,1
"GR","rear_mad_min","in_sample","gr_rear_mad_p02","low",126.317413822842,0,0,39.3996757653574,0
"GR","rear_mad_min","in_sample","gr_rear_mad_p02","mid",256.19787996073,0,0,20.9882440130702,0
"GR","rear_mad_min","in_sample","gr_rear_mad_p02","high",209.426795588185,0,0,7.60157494355252,0
"GR","rear_mad_min","in_sample","gr_rear_mad_p05","low",46.8681736338385,0,0,39.3996757653574,0
"GR","rear_mad_min","in_sample","gr_rear_mad_p05","mid",141.776892108869,0,0,20.9882440130702,0
"GR","rear_mad_min","in_sample","gr_rear_mad_p05","high",222.214524073104,1,0.450015589292003,7.60157494355252,0.059200309492929
"GR","rear_mad_min","in_sample","gr_rear_mad_p10 removed","low",0.523724255041033,0,0,39.3996757653574,0
"GR","rear_mad_min","in_sample","gr_rear_mad_p10 removed","mid",0.126307003552193,1,791.721735039637,20.9882440130702,37.7221521984688
"GR","rear_mad_min","in_sample","gr_rear_mad_p10 removed","high",0.115717885753645,0,0,7.60157494355252,0
"GR","spawn_mad_min","held_out","core","low",273.361299243815,25,9.14540575756562,9.14540575756562,1
"GR","spawn_mad_min","held_out","core","mid",270.366442284493,29,10.7261832330082,10.7261832330082,1
"GR","spawn_mad_min","held_out","core","high",269.764490127243,13,4.81901824582922,4.81901824582922,1
"GR","spawn_mad_min","held_out","gr_spawn_mad_p02","low",271.401972893029,1,0.368457159445242,9.14540575756562,0.0402887711286547
"GR","spawn_mad_min","held_out","gr_spawn_mad_p02","mid",602.306135885817,8,1.32822820877199,10.7261832330082,0.123830460464686
"GR","spawn_mad_min","held_out","gr_spawn_mad_p02","high",1956.52859282837,24,1.22666236966695,4.81901824582922,0.254546114393447
"GR","spawn_mad_min","held_out","gr_spawn_mad_p05","low",150.419127690152,13,8.64251787630269,9.14540575756562,0.945011966161599
"GR","spawn_mad_min","held_out","gr_spawn_mad_p05","mid",390.134268234114,19,4.87011819956262,10.7261832330082,0.45404018314507
"GR","spawn_mad_min","held_out","gr_spawn_mad_p05","high",837.287457743278,20,2.38866590142238,4.81901824582922,0.495674799216569
"GR","spawn_mad_min","held_out","gr_spawn_mad_p10 removed","low",269.159894455569,61,22.6631089016382,9.14540575756562,2.47808675770235
"GR","spawn_mad_min","held_out","gr_spawn_mad_p10 removed","mid",38.4505081834244,1,2.60074586070383,10.7261832330082,0.242467036429178
"GR","spawn_mad_min","held_out","gr_spawn_mad_p10 removed","high",163.945222735743,4,2.43983931538368,4.81901824582922,0.506293853005292
"GR","spawn_mad_min","in_sample","core","low",267.111565659697,108,40.4325435079037,40.4325435079037,1
"GR","spawn_mad_min","in_sample","core","mid",266.635993069844,55,20.6273726839245,20.6273726839245,1
"GR","spawn_mad_min","in_sample","core","high",266.400120895126,22,8.25825451057538,8.25825451057538,1
"GR","spawn_mad_min","in_sample","gr_spawn_mad_p02","low",115.06320547956,0,0,40.4325435079037,0
"GR","spawn_mad_min","in_sample","gr_spawn_mad_p02","mid",186.051061932656,0,0,20.6273726839245,0
"GR","spawn_mad_min","in_sample","gr_spawn_mad_p02","high",189.305342277024,0,0,8.25825451057538,0
"GR","spawn_mad_min","in_sample","gr_spawn_mad_p05","low",29.8608208132848,0,0,40.4325435079037,0
"GR","spawn_mad_min","in_sample","gr_spawn_mad_p05","mid",97.3266519639658,0,0,20.6273726839245,0
"GR","spawn_mad_min","in_sample","gr_spawn_mad_p05","high",147.412628445314,0,0,8.25825451057538,0
"GR","spawn_mad_min","in_sample","gr_spawn_mad_p10 removed","low",0.47940313604631,0,0,40.4325435079037,0
"GR","spawn_mad_min","in_sample","gr_spawn_mad_p10 removed","mid",0.126307003552193,1,791.721735039637,20.6273726839245,38.3820929195044
"GR","spawn_mad_min","in_sample","gr_spawn_mad_p10 removed","high",0.106461036936854,0,0,8.25825451057538,0
"RB","rear_mad_min","held_out","core","low",2609.24439499676,622,23.8383189092094,23.8383189092094,1
"RB","rear_mad_min","held_out","core","mid",2606.62012491433,257,9.85951107887063,9.85951107887063,1
"RB","rear_mad_min","held_out","core","high",2605.57881650498,169,6.48608282081022,6.48608282081022,1
"RB","rear_mad_min","held_out","rb_rear_mad_p02","low",226.220829893833,11,4.8625053692723,23.8383189092094,0.20397853505491
"RB","rear_mad_min","held_out","rb_rear_mad_p02","mid",269.766504268665,4,1.48276377411791,9.85951107887063,0.150389178759131
"RB","rear_mad_min","held_out","rb_rear_mad_p02","high",499.330077320589,17,3.40456158603988,6.48608282081022,0.524902576809001
"RB","rear_mad_min","held_out","rb_rear_mad_p05","low",251.77455540398,3,1.19154216961536,23.8383189092094,0.0499843203773496
"RB","rear_mad_min","held_out","rb_rear_mad_p05","mid",285.616440646087,5,1.75059950634831,9.85951107887063,0.17755439314835
"RB","rear_mad_min","held_out","rb_rear_mad_p05","high",494.407385576739,11,2.22488585747323,6.48608282081022,0.343024583394898
"RB","rear_mad_min","held_out","rb_rear_mad_p10 removed","low",194.728819539262,86,44.1639815839691,23.8383189092094,1.85264664644231
"RB","rear_mad_min","held_out","rb_rear_mad_p10 removed","mid",42.0177390067235,3,7.13984157862457,9.85951107887063,0.724157772277935
"RB","rear_mad_min","held_out","rb_rear_mad_p10 removed","high",58.9763770561111,2,3.39118830255912,6.48608282081022,0.522840733960209
"RB","rear_mad_min","in_sample","core","low",1433.12340781528,201,14.0253099561338,14.0253099561338,1
"RB","rear_mad_min","in_sample","core","mid",1429.3534420829,215,15.0417659950288,15.0417659950288,1
"RB","rear_mad_min","in_sample","core","high",1428.51345586211,31,2.17008806411918,2.17008806411918,1
"RB","rear_mad_min","in_sample","rb_rear_mad_p02","low",108.031914754113,1,0.925652389181527,14.0253099561338,0.0659987117629943
"RB","rear_mad_min","in_sample","rb_rear_mad_p02","mid",249.701522705751,3,1.20143440355997,15.0417659950288,0.0798732279146631
"RB","rear_mad_min","in_sample","rb_rear_mad_p02","high",159.436361823485,2,1.25441899020139,2.17008806411918,0.578049808642468
"RB","rear_mad_min","in_sample","rb_rear_mad_p05","low",149.09418892205,3,2.01215085691131,14.0253099561338,0.143465696173889
"RB","rear_mad_min","in_sample","rb_rear_mad_p05","mid",257.128440575346,4,1.55564277177961,15.0417659950288,0.103421551185794
"RB","rear_mad_min","in_sample","rb_rear_mad_p05","high",198.298314850191,1,0.504290720148315,2.17008806411918,0.232382606257504
"RB","rear_mad_min","in_sample","rb_rear_mad_p10 removed","low",88.6304842368238,27,30.4635591608132,14.0253099561338,2.17204177705109
"RB","rear_mad_min","in_sample","rb_rear_mad_p10 removed","mid",2.27407747877244,1,43.9738755312684,15.0417659950288,2.92345164429505
"RB","rear_mad_min","in_sample","rb_rear_mad_p10 removed","high",0.194706498015381,0,0,2.17008806411918,0
"RB","spawn_mad_min","held_out","core","low",1641.27312480726,19,1.15763791612875,1.15763791612875,1
"RB","spawn_mad_min","held_out","core","mid",1636.13593661358,13,0.794555006652257,0.794555006652257,1
"RB","spawn_mad_min","held_out","core","high",1636.91030639808,7,0.427634915159346,0.427634915159346,1
"RB","spawn_mad_min","held_out","rb_spawn_mad_p02","low",150.014968406088,1,0.666600147055335,1.15763791612875,0.575827845449732
"RB","spawn_mad_min","held_out","rb_spawn_mad_p02","mid",150.98521250061,0,0,0.794555006652257,0
"RB","spawn_mad_min","held_out","rb_spawn_mad_p02","high",328.717475240296,0,0,0.427634915159346,0
"RB","spawn_mad_min","held_out","rb_spawn_mad_p05","low",288.336684082772,1,0.346816778857362,1.15763791612875,0.29959003072148
"RB","spawn_mad_min","held_out","rb_spawn_mad_p05","mid",289.061329445192,3,1.03784204056559,0.794555006652257,1.30619281469056
"RB","spawn_mad_min","held_out","rb_spawn_mad_p05","high",689.458219298872,4,0.580165684886273,0.427634915159346,1.35668455572691
"RB","spawn_mad_min","held_out","rb_spawn_mad_p10 removed","low",156.847999472459,1,0.637559932777843,1.15763791612875,0.550742096380104
"RB","spawn_mad_min","held_out","rb_spawn_mad_p10 removed","mid",16.4369218331537,0,0,0.794555006652257,0
"RB","spawn_mad_min","held_out","rb_spawn_mad_p10 removed","high",21.6666816994715,0,0,0.427634915159346,0
"RB","spawn_mad_min","in_sample","core","low",845.341949654826,5,0.591476621033846,0.591476621033846,1
"RB","spawn_mad_min","in_sample","core","mid",846.486598844046,3,0.354406083226453,0.354406083226453,1
"RB","spawn_mad_min","in_sample","core","high",841.957715362396,0,0,0,
"RB","spawn_mad_min","in_sample","rb_spawn_mad_p02","low",99.5022471463654,0,0,0.591476621033846,0
"RB","spawn_mad_min","in_sample","rb_spawn_mad_p02","mid",153.153880486592,0,0,0.354406083226453,0
"RB","spawn_mad_min","in_sample","rb_spawn_mad_p02","high",104.185051158756,0,0,0,
"RB","spawn_mad_min","in_sample","rb_spawn_mad_p05","low",223.60438742669,0,0,0.591476621033846,0
"RB","spawn_mad_min","in_sample","rb_spawn_mad_p05","mid",283.831751786377,0,0,0.354406083226453,0
"RB","spawn_mad_min","in_sample","rb_spawn_mad_p05","high",235.974767056955,0,0,0,
"RB","spawn_mad_min","in_sample","rb_spawn_mad_p10 removed","low",88.0402697653662,1,1.13584386175221,0.591476621033846,1.92035292919416
"RB","spawn_mad_min","in_sample","rb_spawn_mad_p10 removed","mid",0.761214616793822,0,0,0.354406083226453,0
"RB","spawn_mad_min","in_sample","rb_spawn_mad_p10 removed","high",0.181671970402713,0,0,0,
