"species_code","column","role","taper_class","km","n","per_100km","ratio_to_core"
"BT","rear_mad_min","held_out","band bt_rear_mad_p02",2524.37686394164,10,0.39613736533719,0.0271429948579212
"BT","rear_mad_min","held_out","band bt_rear_mad_p05",2040.22316237396,45,2.20564107054049,0.151128647470913
"BT","rear_mad_min","held_out","band bt_rear_mad_p10 removed",1443.85205682581,205,14.1981305515938,0.972843811958939
"BT","rear_mad_min","held_out","core (-Inf,0.02]",5607.52936152261,735,13.1073767538941,0.898106290803822
"BT","rear_mad_min","held_out","core (0.02,0.05]",1783.57911871979,369,20.6887373891695,1.41757466401362
"BT","rear_mad_min","held_out","core (0.05,0.08]",899.954024037526,127,14.1118320056208,0.966930709094744
"BT","rear_mad_min","held_out","core (0.08, Inf]",383.461662577855,35,9.12737919214906,0.625400247886032
"BT","rear_mad_min","in_sample","band bt_rear_mad_p02",961.913003835709,3,0.311878515836385,0.0274390493675291
"BT","rear_mad_min","in_sample","band bt_rear_mad_p05",773.01413337546,9,1.16427366737791,0.102432713426326
"BT","rear_mad_min","in_sample","band bt_rear_mad_p10 removed",103.688681863037,6,5.78655248788429,0.509100471242949
"BT","rear_mad_min","in_sample","core (-Inf,0.02]",1910.02522584772,240,12.5652790733946,1.1054923481569
"BT","rear_mad_min","in_sample","core (0.02,0.05]",925.143335889184,100,10.8091358517853,0.950986993964855
"BT","rear_mad_min","in_sample","core (0.05,0.08]",538.577241364749,50,9.28371942960318,0.816780966973717
"BT","rear_mad_min","in_sample","core (0.08, Inf]",259.825223231783,23,8.85210439306822,0.77880750713635
"BT","spawn_mad_min","held_out","band bt_spawn_mad_p02",2130.44727647381,7,0.328569501686331,0.019114868504999
"BT","spawn_mad_min","held_out","band bt_spawn_mad_p05",1439.42142688171,30,2.08417072580269,0.121248774342175
"BT","spawn_mad_min","held_out","band bt_spawn_mad_p10 removed",791.208720927698,205,25.9097245237181,1.50732485738869
"BT","spawn_mad_min","held_out","core (-Inf,0.02]",4504.33061488643,700,15.5405999214747,0.904090374983652
"BT","spawn_mad_min","held_out","core (0.02,0.05]",1676.65863031843,367,21.8887729060447,1.27340186379884
"BT","spawn_mad_min","held_out","core (0.05,0.08]",195.103415238906,29,14.8639120255733,0.864723361056028
"BT","spawn_mad_min","in_sample","band bt_spawn_mad_p02",623.673051778195,3,0.481021264498523,0.0352484235788893
"BT","spawn_mad_min","in_sample","band bt_spawn_mad_p05",475.938372291017,4,0.840444946841596,0.061586382281652
"BT","spawn_mad_min","in_sample","band bt_spawn_mad_p10 removed",90.6877415846769,6,6.61610918428009,0.484817275624621
"BT","spawn_mad_min","in_sample","core (-Inf,0.02]",1514.19431969978,234,15.4537628992292,1.13242557192901
"BT","spawn_mad_min","in_sample","core (0.02,0.05]",880.333585304827,100,11.3593303344634,0.832392488134835
"BT","spawn_mad_min","in_sample","core (0.05,0.08]",89.606680126634,5,5.57994113043123,0.408888635548689
"GR","rear_mad_min","held_out","band gr_rear_mad_p02",2673.42974017123,36,1.34658485536614,0.165891503451363
"GR","rear_mad_min","held_out","band gr_rear_mad_p05",1522.66551097349,57,3.74343541567171,0.461169696587747
"GR","rear_mad_min","held_out","band gr_rear_mad_p10 removed",794.3700596068,68,8.56024206572675,1.05457255109623
"GR","rear_mad_min","held_out","core (-Inf,0.02]",802.190736380157,66,8.22746972843659,1.01357691452709
"GR","rear_mad_min","held_out","core (0.02,0.05]",23.2106994780541,1,4.30835788014708,0.530764892606632
"GR","rear_mad_min","in_sample","band gr_rear_mad_p02",591.942089371757,0,0,0
"GR","rear_mad_min","in_sample","band gr_rear_mad_p05",410.859589815812,1,0.243392152644727,0.0107358691317658
"GR","rear_mad_min","in_sample","band gr_rear_mad_p10 removed",0.765749144346872,1,130.591069853944,5.76028692993934
"GR","rear_mad_min","in_sample","core (-Inf,0.02]",783.260232455394,185,23.6192254290831,1.0418286310588
"GR","rear_mad_min","in_sample","core (0.02,0.05]",45.9955076497875,3,6.52237610429735,0.287697756575183
"GR","spawn_mad_min","held_out","band gr_spawn_mad_p02",2830.23670160722,33,1.16598021576288,0.141569529520472
"GR","spawn_mad_min","held_out","band gr_spawn_mad_p05",1377.84085366754,52,3.77402077036591,0.458229340119308
"GR","spawn_mad_min","held_out","band gr_spawn_mad_p10 removed",471.555625374737,66,13.9962278994235,1.6993765177107
"GR","spawn_mad_min","held_out","core (-Inf,0.02]",801.16270374842,66,8.23802701888195,1.00023447522821
"GR","spawn_mad_min","held_out","core (0.02,0.05]",12.3295279071315,1,8.11061062136527,0.984763990218455
"GR","spawn_mad_min","in_sample","band gr_spawn_mad_p02",490.419609689241,0,0,0
"GR","spawn_mad_min","in_sample","band gr_spawn_mad_p05",274.600101222565,0,0,0
"GR","spawn_mad_min","in_sample","band gr_spawn_mad_p10 removed",0.712171176535357,1,140.41567995842,6.07315029738648
"GR","spawn_mad_min","in_sample","core (-Inf,0.02]",778.31488467449,184,23.640817312257,1.02249433063963
"GR","spawn_mad_min","in_sample","core (0.02,0.05]",21.8327949501793,1,4.58026561547397,0.198102102934387
"RB","rear_mad_min","held_out","band rb_rear_mad_p02",995.317411483089,32,3.21505477858745,0.239946266929349
"RB","rear_mad_min","held_out","band rb_rear_mad_p05",1031.7983816268,19,1.84144502824703,0.137430896427093
"RB","rear_mad_min","held_out","band rb_rear_mad_p10 removed",295.722935602097,91,30.772046752046,2.29658225206752
"RB","rear_mad_min","held_out","core (-Inf,0.02]",3587.57112451471,552,15.3864545354392,1.14832330436337
"RB","rear_mad_min","held_out","core (0.02,0.05]",2365.07977360026,312,13.1919440300762,0.984542392446703
"RB","rear_mad_min","held_out","core (0.05,0.08]",1646.48409838579,173,10.5072378269313,0.784177149671675
"RB","rear_mad_min","held_out","core (0.08, Inf]",222.308339915337,11,4.94808247148496,0.369285750712152
"RB","rear_mad_min","in_sample","band rb_rear_mad_p02",517.169799283349,6,1.16016055235907,0.111369970543585
"RB","rear_mad_min","in_sample","band rb_rear_mad_p05",604.520944347588,8,1.32336192398326,0.127036536617996
"RB","rear_mad_min","in_sample","band rb_rear_mad_p10 removed",91.0992682136117,28,30.7357024365387,2.95048324823088
"RB","rear_mad_min","in_sample","core (-Inf,0.02]",2112.68775509225,280,13.2532599445948,1.27225078169971
"RB","rear_mad_min","in_sample","core (0.02,0.05]",1217.41612919208,102,8.37840057759793,0.804287151146512
"RB","rear_mad_min","in_sample","core (0.05,0.08]",845.190243791479,59,6.98067688705552,0.670112233780763
"RB","rear_mad_min","in_sample","core (0.08, Inf]",115.696177684473,6,5.18599673738851,0.497831358519878
"RB","spawn_mad_min","held_out","band rb_spawn_mad_p02",629.717656146996,1,0.158801327902829,0.200102677268779
"RB","spawn_mad_min","held_out","band rb_spawn_mad_p05",1266.85623282684,8,0.631484440988933,0.795722107391855
"RB","spawn_mad_min","held_out","band rb_spawn_mad_p10 removed",194.951603005084,1,0.512947821195357,0.646356259584838
"RB","spawn_mad_min","held_out","core (-Inf,0.02]",2843.86516908154,27,0.949412099193154,1.19633699156578
"RB","spawn_mad_min","held_out","core (0.02,0.05]",1837.3077137958,11,0.598702107295597,0.754413682419684
"RB","spawn_mad_min","held_out","core (0.05,0.08]",233.146484941562,1,0.42891489453536,0.54046789060542
"RB","spawn_mad_min","in_sample","band rb_spawn_mad_p02",356.841178791713,0,0,0
"RB","spawn_mad_min","in_sample","band rb_spawn_mad_p05",743.410906270023,0,0,0
"RB","spawn_mad_min","in_sample","band rb_spawn_mad_p10 removed",88.9831563525627,1,1.12380819133665,3.55936219802948
"RB","spawn_mad_min","in_sample","core (-Inf,0.02]",1508.83998931682,3,0.198828240319794,0.629735330237502
"RB","spawn_mad_min","in_sample","core (0.02,0.05]",922.170533110348,4,0.433759251286048,1.37381654091417
"RB","spawn_mad_min","in_sample","core (0.05,0.08]",102.775741434103,1,0.97299225094005,3.08169300034419
