"variant","species_code","flag","stage","role","class","reason","km","n"
"bt_mad","BT","rearing","any","held_out","cw_only","in_mad_range",29.7352168065423,1
"bt_mad","BT","rearing","any","held_out","cw_only","mad_null",503.950768338041,204
"bt_mad","BT","rearing","any","held_out","cw_only","outside_mad_range",4459.22332848932,41
"bt_mad","BT","rearing","any","held_out","mad_only","in_width_range",8.0907642959642,0
"bt_mad","BT","rearing","any","held_out","mad_only","outside_width_range",46.6170791451326,3
"bt_mad","BT","rearing","any","held_out","mad_only","width_null",115.029419884276,5
"bt_mad","BT","rearing","any","in_sample","cw_only","in_mad_range",17.8249791344909,0
"bt_mad","BT","rearing","any","in_sample","cw_only","mad_null",87.0639335488442,6
"bt_mad","BT","rearing","any","in_sample","cw_only","outside_mad_range",750.317762827525,10
"bt_mad","BT","rearing","any","in_sample","mad_only","in_width_range",10.3936138215885,0
"bt_mad","BT","rearing","any","in_sample","mad_only","outside_width_range",21.6479643450633,6
"bt_mad","BT","rearing","any","in_sample","mad_only","width_null",43.2107481084633,0
"bt_mad","BT","rearing","rear","held_out","cw_only","in_mad_range",29.7352168065423,0
"bt_mad","BT","rearing","rear","held_out","cw_only","mad_null",503.950768338041,0
"bt_mad","BT","rearing","rear","held_out","cw_only","outside_mad_range",4459.22332848932,0
"bt_mad","BT","rearing","rear","held_out","mad_only","in_width_range",8.0907642959642,0
"bt_mad","BT","rearing","rear","held_out","mad_only","outside_width_range",46.6170791451326,0
"bt_mad","BT","rearing","rear","held_out","mad_only","width_null",115.029419884276,0
"bt_mad","BT","rearing","rear","in_sample","cw_only","in_mad_range",17.8249791344909,0
"bt_mad","BT","rearing","rear","in_sample","cw_only","mad_null",87.0639335488442,0
"bt_mad","BT","rearing","rear","in_sample","cw_only","outside_mad_range",750.317762827525,0
"bt_mad","BT","rearing","rear","in_sample","mad_only","in_width_range",10.3936138215885,0
"bt_mad","BT","rearing","rear","in_sample","mad_only","outside_width_range",21.6479643450633,0
"bt_mad","BT","rearing","rear","in_sample","mad_only","width_null",43.2107481084633,0
"bt_mad","BT","rearing","spawn","held_out","cw_only","in_mad_range",29.7352168065423,0
"bt_mad","BT","rearing","spawn","held_out","cw_only","mad_null",503.950768338041,0
"bt_mad","BT","rearing","spawn","held_out","cw_only","outside_mad_range",4459.22332848932,0
"bt_mad","BT","rearing","spawn","held_out","mad_only","in_width_range",8.0907642959642,0
"bt_mad","BT","rearing","spawn","held_out","mad_only","outside_width_range",46.6170791451326,0
"bt_mad","BT","rearing","spawn","held_out","mad_only","width_null",115.029419884276,0
"bt_mad","BT","rearing","spawn","in_sample","cw_only","in_mad_range",17.8249791344909,0
"bt_mad","BT","rearing","spawn","in_sample","cw_only","mad_null",87.0639335488442,0
"bt_mad","BT","rearing","spawn","in_sample","cw_only","outside_mad_range",750.317762827525,0
"bt_mad","BT","rearing","spawn","in_sample","mad_only","in_width_range",10.3936138215885,0
"bt_mad","BT","rearing","spawn","in_sample","mad_only","outside_width_range",21.6479643450633,0
"bt_mad","BT","rearing","spawn","in_sample","mad_only","width_null",43.2107481084633,0
"bt_mad","BT","spawning","any","held_out","cw_only","mad_null",486.128389668241,204
"bt_mad","BT","spawning","any","held_out","cw_only","outside_mad_range",2265.82241883456,21
"bt_mad","BT","spawning","any","held_out","mad_only","outside_width_range",45.4026159325622,2
"bt_mad","BT","spawning","any","held_out","mad_only","width_null",99.3734018599941,4
"bt_mad","BT","spawning","any","in_sample","cw_only","mad_null",86.8769335488442,6
"bt_mad","BT","spawning","any","in_sample","cw_only","outside_mad_range",201.650325982741,5
"bt_mad","BT","spawning","any","in_sample","mad_only","outside_width_range",17.1952684715821,3
"bt_mad","BT","spawning","any","in_sample","mad_only","width_null",34.9282795727345,0
"bt_mad","BT","spawning","rear","held_out","cw_only","mad_null",486.128389668241,0
"bt_mad","BT","spawning","rear","held_out","cw_only","outside_mad_range",2265.82241883456,0
"bt_mad","BT","spawning","rear","held_out","mad_only","outside_width_range",45.4026159325622,0
"bt_mad","BT","spawning","rear","held_out","mad_only","width_null",99.3734018599941,0
"bt_mad","BT","spawning","rear","in_sample","cw_only","mad_null",86.8769335488442,0
"bt_mad","BT","spawning","rear","in_sample","cw_only","outside_mad_range",201.650325982741,0
"bt_mad","BT","spawning","rear","in_sample","mad_only","outside_width_range",17.1952684715821,0
"bt_mad","BT","spawning","rear","in_sample","mad_only","width_null",34.9282795727345,0
"bt_mad","BT","spawning","spawn","held_out","cw_only","mad_null",486.128389668241,0
"bt_mad","BT","spawning","spawn","held_out","cw_only","outside_mad_range",2265.82241883456,0
"bt_mad","BT","spawning","spawn","held_out","mad_only","outside_width_range",45.4026159325622,0
"bt_mad","BT","spawning","spawn","held_out","mad_only","width_null",99.3734018599941,0
"bt_mad","BT","spawning","spawn","in_sample","cw_only","mad_null",86.8769335488442,0
"bt_mad","BT","spawning","spawn","in_sample","cw_only","outside_mad_range",201.650325982741,0
"bt_mad","BT","spawning","spawn","in_sample","mad_only","outside_width_range",17.1952684715821,0
"bt_mad","BT","spawning","spawn","in_sample","mad_only","width_null",34.9282795727345,0
"gr_mad","GR","rearing","any","held_out","cw_only","mad_null",463.428167013075,66
"gr_mad","GR","rearing","any","held_out","cw_only","outside_mad_range",3430.01361272882,92
"gr_mad","GR","rearing","any","held_out","mad_only","width_null",14.1189586682324,0
"gr_mad","GR","rearing","any","in_sample","cw_only","mad_null",0.453167329133482,1
"gr_mad","GR","rearing","any","in_sample","cw_only","outside_mad_range",547.755161361602,1
"gr_mad","GR","rearing","any","in_sample","mad_only","width_null",11.189152136446,0
"gr_mad","GR","rearing","rear","held_out","cw_only","mad_null",463.428167013075,3
"gr_mad","GR","rearing","rear","held_out","cw_only","outside_mad_range",3430.01361272882,31
"gr_mad","GR","rearing","rear","held_out","mad_only","width_null",14.1189586682324,0
"gr_mad","GR","rearing","rear","in_sample","cw_only","mad_null",0.453167329133482,1
"gr_mad","GR","rearing","rear","in_sample","cw_only","outside_mad_range",547.755161361602,0
"gr_mad","GR","rearing","rear","in_sample","mad_only","width_null",11.189152136446,0
"gr_mad","GR","rearing","spawn","held_out","cw_only","mad_null",463.428167013075,0
"gr_mad","GR","rearing","spawn","held_out","cw_only","outside_mad_range",3430.01361272882,0
"gr_mad","GR","rearing","spawn","held_out","mad_only","width_null",14.1189586682324,0
"gr_mad","GR","rearing","spawn","in_sample","cw_only","mad_null",0.453167329133482,0
"gr_mad","GR","rearing","spawn","in_sample","cw_only","outside_mad_range",547.755161361602,0
"gr_mad","GR","rearing","spawn","in_sample","mad_only","width_null",11.189152136446,0
"gr_mad","GR","spawning","any","held_out","cw_only","mad_null",462.604176627818,66
"gr_mad","GR","spawning","any","held_out","cw_only","outside_mad_range",1778.37479940397,69
"gr_mad","GR","spawning","any","held_out","mad_only","outside_width_range",0.27374431649476,0
"gr_mad","GR","spawning","any","held_out","mad_only","width_null",12.5350391597369,0
"gr_mad","GR","spawning","any","in_sample","cw_only","mad_null",0.399589361321968,1
"gr_mad","GR","spawning","any","in_sample","cw_only","outside_mad_range",194.345536793534,0
"gr_mad","GR","spawning","any","in_sample","mad_only","outside_width_range",0.0877751162827311,0
"gr_mad","GR","spawning","any","in_sample","mad_only","width_null",10.9460302821246,0
"gr_mad","GR","spawning","rear","held_out","cw_only","mad_null",462.604176627818,3
"gr_mad","GR","spawning","rear","held_out","cw_only","outside_mad_range",1778.37479940397,19
"gr_mad","GR","spawning","rear","held_out","mad_only","outside_width_range",0.27374431649476,0
"gr_mad","GR","spawning","rear","held_out","mad_only","width_null",12.5350391597369,0
"gr_mad","GR","spawning","rear","in_sample","cw_only","mad_null",0.399589361321968,1
"gr_mad","GR","spawning","rear","in_sample","cw_only","outside_mad_range",194.345536793534,0
"gr_mad","GR","spawning","rear","in_sample","mad_only","outside_width_range",0.0877751162827311,0
"gr_mad","GR","spawning","rear","in_sample","mad_only","width_null",10.9460302821246,0
"gr_mad","GR","spawning","spawn","held_out","cw_only","mad_null",462.604176627818,0
"gr_mad","GR","spawning","spawn","held_out","cw_only","outside_mad_range",1778.37479940397,0
"gr_mad","GR","spawning","spawn","held_out","mad_only","outside_width_range",0.27374431649476,0
"gr_mad","GR","spawning","spawn","held_out","mad_only","width_null",12.5350391597369,0
"gr_mad","GR","spawning","spawn","in_sample","cw_only","mad_null",0.399589361321968,0
"gr_mad","GR","spawning","spawn","in_sample","cw_only","outside_mad_range",194.345536793534,0
"gr_mad","GR","spawning","spawn","in_sample","mad_only","outside_width_range",0.0877751162827311,0
"gr_mad","GR","spawning","spawn","in_sample","mad_only","width_null",10.9460302821246,0
"ko_mad","KO","rearing","any","in_sample","cw_only","in_mad_range",7.06275868371435,0
"ko_mad","KO","rearing","any","in_sample","cw_only","mad_null",0.0276065527175176,0
"ko_mad","KO","rearing","rear","in_sample","cw_only","in_mad_range",7.06275868371435,0
"ko_mad","KO","rearing","rear","in_sample","cw_only","mad_null",0.0276065527175176,0
"ko_mad","KO","rearing","spawn","in_sample","cw_only","in_mad_range",7.06275868371435,0
"ko_mad","KO","rearing","spawn","in_sample","cw_only","mad_null",0.0276065527175176,0
"ko_mad","KO","spawning","any","in_sample","cw_only","mad_null",56.7566625702274,2
"ko_mad","KO","spawning","any","in_sample","cw_only","outside_mad_range",31.6281513317509,1
"ko_mad","KO","spawning","any","in_sample","mad_only","outside_width_range",0.0735922239481603,0
"ko_mad","KO","spawning","any","in_sample","mad_only","width_null",1.2234180255118,0
"ko_mad","KO","spawning","rear","in_sample","cw_only","mad_null",56.7566625702274,1
"ko_mad","KO","spawning","rear","in_sample","cw_only","outside_mad_range",31.6281513317509,0
"ko_mad","KO","spawning","rear","in_sample","mad_only","outside_width_range",0.0735922239481603,0
"ko_mad","KO","spawning","rear","in_sample","mad_only","width_null",1.2234180255118,0
"ko_mad","KO","spawning","spawn","in_sample","cw_only","mad_null",56.7566625702274,0
"ko_mad","KO","spawning","spawn","in_sample","cw_only","outside_mad_range",31.6281513317509,0
"ko_mad","KO","spawning","spawn","in_sample","mad_only","outside_width_range",0.0735922239481603,0
"ko_mad","KO","spawning","spawn","in_sample","mad_only","width_null",1.2234180255118,0
"rb_mad","RB","rearing","any","held_out","cw_only","mad_null",178.150476255083,86
"rb_mad","RB","rearing","any","held_out","cw_only","outside_mad_range",686.332851924529,37
"rb_mad","RB","rearing","any","held_out","mad_only","outside_width_range",117.097865619771,6
"rb_mad","RB","rearing","any","held_out","mad_only","width_null",382.968886740458,13
"rb_mad","RB","rearing","any","in_sample","cw_only","mad_null",86.8769335488441,27
"rb_mad","RB","rearing","any","in_sample","cw_only","outside_mad_range",56.6724150402871,5
"rb_mad","RB","rearing","any","in_sample","mad_only","outside_width_range",188.823698691203,6
"rb_mad","RB","rearing","any","in_sample","mad_only","width_null",263.139682923185,1
"rb_mad","RB","rearing","rear","held_out","cw_only","mad_null",178.150476255083,18
"rb_mad","RB","rearing","rear","held_out","cw_only","outside_mad_range",686.332851924529,20
"rb_mad","RB","rearing","rear","held_out","mad_only","outside_width_range",117.097865619771,3
"rb_mad","RB","rearing","rear","held_out","mad_only","width_null",382.968886740458,2
"rb_mad","RB","rearing","rear","in_sample","cw_only","mad_null",86.8769335488441,14
"rb_mad","RB","rearing","rear","in_sample","cw_only","outside_mad_range",56.6724150402871,1
"rb_mad","RB","rearing","rear","in_sample","mad_only","outside_width_range",188.823698691203,2
"rb_mad","RB","rearing","rear","in_sample","mad_only","width_null",263.139682923185,0
"rb_mad","RB","rearing","spawn","held_out","cw_only","mad_null",178.150476255083,0
"rb_mad","RB","rearing","spawn","held_out","cw_only","outside_mad_range",686.332851924529,2
"rb_mad","RB","rearing","spawn","held_out","mad_only","outside_width_range",117.097865619771,1
"rb_mad","RB","rearing","spawn","held_out","mad_only","width_null",382.968886740458,0
"rb_mad","RB","rearing","spawn","in_sample","cw_only","mad_null",86.8769335488441,1
"rb_mad","RB","rearing","spawn","in_sample","cw_only","outside_mad_range",56.6724150402871,0
"rb_mad","RB","rearing","spawn","in_sample","mad_only","outside_width_range",188.823698691203,0
"rb_mad","RB","rearing","spawn","in_sample","mad_only","width_null",263.139682923185,0
"rb_mad","RB","spawning","any","held_out","cw_only","mad_null",160.910821339766,86
"rb_mad","RB","spawning","any","held_out","cw_only","outside_mad_range",112.802607620307,5
"rb_mad","RB","spawning","any","held_out","mad_only","outside_width_range",461.810644337911,15
"rb_mad","RB","spawning","any","held_out","mad_only","width_null",471.177702730914,14
"rb_mad","RB","spawning","any","in_sample","cw_only","mad_null",86.8769335488441,27
"rb_mad","RB","spawning","any","in_sample","cw_only","outside_mad_range",7.19035978011311,2
"rb_mad","RB","spawning","any","in_sample","mad_only","outside_width_range",436.77034752478,12
"rb_mad","RB","spawning","any","in_sample","mad_only","width_null",340.92877927172,1
"rb_mad","RB","spawning","rear","held_out","cw_only","mad_null",160.910821339766,18
"rb_mad","RB","spawning","rear","held_out","cw_only","outside_mad_range",112.802607620307,2
"rb_mad","RB","spawning","rear","held_out","mad_only","outside_width_range",461.810644337911,7
"rb_mad","RB","spawning","rear","held_out","mad_only","width_null",471.177702730914,2
"rb_mad","RB","spawning","rear","in_sample","cw_only","mad_null",86.8769335488441,14
"rb_mad","RB","spawning","rear","in_sample","cw_only","outside_mad_range",7.19035978011311,0
"rb_mad","RB","spawning","rear","in_sample","mad_only","outside_width_range",436.77034752478,7
"rb_mad","RB","spawning","rear","in_sample","mad_only","width_null",340.92877927172,1
"rb_mad","RB","spawning","spawn","held_out","cw_only","mad_null",160.910821339766,0
"rb_mad","RB","spawning","spawn","held_out","cw_only","outside_mad_range",112.802607620307,1
"rb_mad","RB","spawning","spawn","held_out","mad_only","outside_width_range",461.810644337911,0
"rb_mad","RB","spawning","spawn","held_out","mad_only","width_null",471.177702730914,1
"rb_mad","RB","spawning","spawn","in_sample","cw_only","mad_null",86.8769335488441,1
"rb_mad","RB","spawning","spawn","in_sample","cw_only","outside_mad_range",7.19035978011311,0
"rb_mad","RB","spawning","spawn","in_sample","mad_only","outside_width_range",436.77034752478,0
"rb_mad","RB","spawning","spawn","in_sample","mad_only","width_null",340.92877927172,0
