"variant","buffer_m","species_code","role","stage","n_obs","n_accessible","n_spawning","n_rearing","n_rearing_any","n_obs_outside_uhc_spawn","n_spawning_outside_uhc","n_obs_outside_uhc_rear","n_rearing_any_outside_uhc","accessible_km","spawning_km","rearing_km","share_accessible","share_spawning","share_rearing","share_rearing_any"
"bt_mad",0,"BT","held_out","any",1701,1683,1096,1296,1305,1701,1096,1701,1305,31939.68,6376.06,8702.76,0.989417989417989,0.644326866549089,0.761904761904762,0.767195767195767
"default_tuned",0,"BT","held_out","any",1701,1683,1315,1534,1551,1701,1315,1701,1551,31939.68,8983.23,13525.92,0.989417989417989,0.773074661963551,0.901822457378013,0.911816578483245
"bt_mad",100,"BT","held_out","any",1701,1683,1125,1308,1314,1701,1125,1701,1314,31939.68,6376.06,8702.76,0.989417989417989,0.661375661375661,0.768959435626102,0.772486772486772
"default_tuned",100,"BT","held_out","any",1701,1683,1345,1546,1560,1701,1345,1701,1560,31939.68,8983.23,13525.92,0.989417989417989,0.790711346266902,0.908877131099353,0.91710758377425
"default_tuned",0,"GR","held_out","any",261,256,202,225,225,261,202,261,225,15606.31,3041.65,4704.72,0.980842911877395,0.773946360153257,0.862068965517241,0.862068965517241
"gr_mad",0,"GR","held_out","any",261,256,67,67,67,261,67,261,67,15606.31,813.49,825.4,0.980842911877395,0.256704980842912,0.256704980842912,0.256704980842912
"default_tuned",100,"GR","held_out","any",261,256,209,230,230,261,209,261,230,15606.31,3041.65,4704.72,0.980842911877395,0.800766283524904,0.881226053639847,0.881226053639847
"gr_mad",100,"GR","held_out","any",261,256,68,68,68,261,68,261,68,15606.31,813.49,825.4,0.980842911877395,0.260536398467433,0.260536398467433,0.260536398467433
"default_tuned",0,"RB","held_out","any",1891,1440,932,1152,1197,1891,932,1891,1197,18950.42,5521.9,8185.85,0.761501850872554,0.49286092014807,0.609201480698043,0.632998413537811
"rb_mad",0,"RB","held_out","any",1891,1440,870,1048,1083,1891,870,1891,1083,18950.42,6181.19,7821.42,0.761501850872554,0.460074034902168,0.554204124801692,0.572712850343733
"default_tuned",100,"RB","held_out","any",1891,1440,983,1204,1237,1891,983,1891,1237,18950.42,5521.9,8185.85,0.761501850872554,0.519830777366473,0.636700158646219,0.654151242728715
"rb_mad",100,"RB","held_out","any",1891,1440,923,1092,1119,1891,923,1891,1119,18950.42,6181.19,7821.42,0.761501850872554,0.488101533580116,0.577472236911687,0.591750396615547
"bt_mad",0,"BT","in_sample","any",487,484,339,423,431,487,339,487,431,10502.71,2484.13,3737.03,0.993839835728953,0.696098562628337,0.868583162217659,0.885010266940452
"default_tuned",0,"BT","in_sample","any",487,484,347,433,442,487,347,487,442,10502.71,2720.54,4516.99,0.993839835728953,0.712525667351129,0.88911704312115,0.907597535934292
"bt_mad",100,"BT","in_sample","any",487,484,353,429,433,487,353,487,433,10502.71,2484.13,3737.03,0.993839835728953,0.724845995893224,0.880903490759754,0.88911704312115
"default_tuned",100,"BT","in_sample","any",487,484,360,438,443,487,360,487,443,10502.71,2720.54,4516.99,0.993839835728953,0.739219712525667,0.899383983572895,0.909650924024641
"default_tuned",0,"GR","in_sample","any",196,191,186,190,190,196,186,196,190,4442.31,983.86,1366.27,0.974489795918367,0.948979591836735,0.969387755102041,0.969387755102041
"gr_mad",0,"GR","in_sample","any",196,191,185,188,188,196,185,196,188,4442.31,800.15,829.26,0.974489795918367,0.943877551020408,0.959183673469388,0.959183673469388
"default_tuned",100,"GR","in_sample","any",196,191,187,190,190,196,187,196,190,4442.31,983.86,1366.27,0.974489795918367,0.954081632653061,0.969387755102041,0.969387755102041
"gr_mad",100,"GR","in_sample","any",196,191,187,189,189,196,187,196,189,4442.31,800.15,829.26,0.974489795918367,0.954081632653061,0.964285714285714,0.964285714285714
"default_tuned",0,"KO","in_sample","any",90,79,14,17,17,90,14,90,17,,170.14,581.17,0.877777777777778,0.155555555555556,0.188888888888889,0.188888888888889
"ko_mad",0,"KO","in_sample","any",90,79,11,17,17,90,11,90,17,,83.05,574.08,0.877777777777778,0.122222222222222,0.188888888888889,0.188888888888889
"default_tuned",100,"KO","in_sample","any",90,79,16,17,17,90,16,90,17,,170.14,581.17,0.877777777777778,0.177777777777778,0.188888888888889,0.188888888888889
"ko_mad",100,"KO","in_sample","any",90,79,13,17,17,90,13,90,17,,83.05,574.08,0.877777777777778,0.144444444444444,0.188888888888889,0.188888888888889
"default_tuned",0,"RB","in_sample","any",697,345,395,472,487,697,395,697,487,,2593.4,3981.95,0.494978479196557,0.566714490674319,0.677187948350072,0.6987087517934
"rb_mad",0,"RB","in_sample","any",697,345,379,447,461,697,379,697,461,,3277.04,4290.36,0.494978479196557,0.543758967001435,0.641319942611191,0.661406025824964
"default_tuned",100,"RB","in_sample","any",697,345,421,492,501,697,421,697,501,,2593.4,3981.95,0.494978479196557,0.604017216642755,0.705882352941177,0.718794835007174
"rb_mad",100,"RB","in_sample","any",697,345,405,467,475,697,405,697,475,,3277.04,4290.36,0.494978479196557,0.581061692969871,0.670014347202296,0.681492109038737
"bt_mad",0,"BT","held_out","rear",1,1,1,1,1,1,1,1,1,31939.68,6376.06,8702.76,1,1,1,1
"default_tuned",0,"BT","held_out","rear",1,1,1,1,1,1,1,1,1,31939.68,8983.23,13525.92,1,1,1,1
"bt_mad",100,"BT","held_out","rear",1,1,1,1,1,1,1,1,1,31939.68,6376.06,8702.76,1,1,1,1
"default_tuned",100,"BT","held_out","rear",1,1,1,1,1,1,1,1,1,31939.68,8983.23,13525.92,1,1,1,1
"default_tuned",0,"GR","held_out","rear",51,49,30,42,42,51,30,51,42,15606.31,3041.65,4704.72,0.96078431372549,0.588235294117647,0.823529411764706,0.823529411764706
"gr_mad",0,"GR","held_out","rear",51,49,8,8,8,51,8,51,8,15606.31,813.49,825.4,0.96078431372549,0.156862745098039,0.156862745098039,0.156862745098039
"default_tuned",100,"GR","held_out","rear",51,49,32,44,44,51,32,51,44,15606.31,3041.65,4704.72,0.96078431372549,0.627450980392157,0.862745098039216,0.862745098039216
"gr_mad",100,"GR","held_out","rear",51,49,8,8,8,51,8,51,8,15606.31,813.49,825.4,0.96078431372549,0.156862745098039,0.156862745098039,0.156862745098039
"default_tuned",0,"RB","held_out","rear",670,530,337,432,435,670,337,670,435,18950.42,5521.9,8185.85,0.791044776119403,0.502985074626866,0.644776119402985,0.649253731343284
"rb_mad",0,"RB","held_out","rear",670,530,326,399,401,670,326,670,401,18950.42,6181.19,7821.42,0.791044776119403,0.486567164179104,0.595522388059701,0.598507462686567
"default_tuned",100,"RB","held_out","rear",670,530,356,447,449,670,356,670,449,18950.42,5521.9,8185.85,0.791044776119403,0.53134328358209,0.667164179104478,0.670149253731343
"rb_mad",100,"RB","held_out","rear",670,530,343,412,414,670,343,670,414,18950.42,6181.19,7821.42,0.791044776119403,0.511940298507463,0.614925373134328,0.617910447761194
"bt_mad",0,"BT","in_sample","rear",0,0,0,0,0,0,0,0,0,10502.71,2484.13,3737.03,,,,
"default_tuned",0,"BT","in_sample","rear",0,0,0,0,0,0,0,0,0,10502.71,2720.54,4516.99,,,,
"bt_mad",100,"BT","in_sample","rear",0,0,0,0,0,0,0,0,0,10502.71,2484.13,3737.03,,,,
"default_tuned",100,"BT","in_sample","rear",0,0,0,0,0,0,0,0,0,10502.71,2720.54,4516.99,,,,
"default_tuned",0,"GR","in_sample","rear",99,97,97,97,97,99,97,99,97,4442.31,983.86,1366.27,0.97979797979798,0.97979797979798,0.97979797979798,0.97979797979798
"gr_mad",0,"GR","in_sample","rear",99,97,96,96,96,99,96,99,96,4442.31,800.15,829.26,0.97979797979798,0.96969696969697,0.96969696969697,0.96969696969697
"default_tuned",100,"GR","in_sample","rear",99,97,97,97,97,99,97,99,97,4442.31,983.86,1366.27,0.97979797979798,0.97979797979798,0.97979797979798,0.97979797979798
"gr_mad",100,"GR","in_sample","rear",99,97,97,97,97,99,97,99,97,4442.31,800.15,829.26,0.97979797979798,0.97979797979798,0.97979797979798,0.97979797979798
"default_tuned",0,"KO","in_sample","rear",5,3,1,0,0,5,1,5,0,,170.14,581.17,0.6,0.2,0,0
"ko_mad",0,"KO","in_sample","rear",5,3,0,0,0,5,0,5,0,,83.05,574.08,0.6,0,0,0
"default_tuned",100,"KO","in_sample","rear",5,3,1,0,0,5,1,5,0,,170.14,581.17,0.6,0.2,0,0
"ko_mad",100,"KO","in_sample","rear",5,3,0,0,0,5,0,5,0,,83.05,574.08,0.6,0,0,0
"default_tuned",0,"RB","in_sample","rear",374,147,186,231,231,374,186,374,231,,2593.4,3981.95,0.393048128342246,0.497326203208556,0.61764705882353,0.61764705882353
"rb_mad",0,"RB","in_sample","rear",374,147,180,218,218,374,180,374,218,,3277.04,4290.36,0.393048128342246,0.481283422459893,0.582887700534759,0.582887700534759
"default_tuned",100,"RB","in_sample","rear",374,147,192,236,236,374,192,374,236,,2593.4,3981.95,0.393048128342246,0.513368983957219,0.631016042780749,0.631016042780749
"rb_mad",100,"RB","in_sample","rear",374,147,187,224,224,374,187,374,224,,3277.04,4290.36,0.393048128342246,0.5,0.598930481283422,0.598930481283422
"bt_mad",0,"BT","held_out","spawn",3,3,3,3,3,3,3,3,3,31939.68,6376.06,8702.76,1,1,1,1
"default_tuned",0,"BT","held_out","spawn",3,3,3,3,3,3,3,3,3,31939.68,8983.23,13525.92,1,1,1,1
"bt_mad",100,"BT","held_out","spawn",3,3,3,3,3,3,3,3,3,31939.68,6376.06,8702.76,1,1,1,1
"default_tuned",100,"BT","held_out","spawn",3,3,3,3,3,3,3,3,3,31939.68,8983.23,13525.92,1,1,1,1
"default_tuned",0,"GR","held_out","spawn",2,2,1,1,1,2,1,2,1,15606.31,3041.65,4704.72,1,0.5,0.5,0.5
"gr_mad",0,"GR","held_out","spawn",2,2,1,1,1,2,1,2,1,15606.31,813.49,825.4,1,0.5,0.5,0.5
"default_tuned",100,"GR","held_out","spawn",2,2,1,1,1,2,1,2,1,15606.31,3041.65,4704.72,1,0.5,0.5,0.5
"gr_mad",100,"GR","held_out","spawn",2,2,1,1,1,2,1,2,1,15606.31,813.49,825.4,1,0.5,0.5,0.5
"default_tuned",0,"RB","held_out","spawn",175,108,47,61,86,175,47,175,86,18950.42,5521.9,8185.85,0.617142857142857,0.268571428571429,0.348571428571429,0.491428571428571
"rb_mad",0,"RB","held_out","spawn",175,108,47,60,78,175,47,175,78,18950.42,6181.19,7821.42,0.617142857142857,0.268571428571429,0.342857142857143,0.445714285714286
"default_tuned",100,"RB","held_out","spawn",175,108,51,72,89,175,51,175,89,18950.42,5521.9,8185.85,0.617142857142857,0.291428571428571,0.411428571428571,0.508571428571429
"rb_mad",100,"RB","held_out","spawn",175,108,52,67,81,175,52,175,81,18950.42,6181.19,7821.42,0.617142857142857,0.297142857142857,0.382857142857143,0.462857142857143
"bt_mad",0,"BT","in_sample","spawn",0,0,0,0,0,0,0,0,0,10502.71,2484.13,3737.03,,,,
"default_tuned",0,"BT","in_sample","spawn",0,0,0,0,0,0,0,0,0,10502.71,2720.54,4516.99,,,,
"bt_mad",100,"BT","in_sample","spawn",0,0,0,0,0,0,0,0,0,10502.71,2484.13,3737.03,,,,
"default_tuned",100,"BT","in_sample","spawn",0,0,0,0,0,0,0,0,0,10502.71,2720.54,4516.99,,,,
"default_tuned",0,"GR","in_sample","spawn",1,1,1,1,1,1,1,1,1,4442.31,983.86,1366.27,1,1,1,1
"gr_mad",0,"GR","in_sample","spawn",1,1,1,1,1,1,1,1,1,4442.31,800.15,829.26,1,1,1,1
"default_tuned",100,"GR","in_sample","spawn",1,1,1,1,1,1,1,1,1,4442.31,983.86,1366.27,1,1,1,1
"gr_mad",100,"GR","in_sample","spawn",1,1,1,1,1,1,1,1,1,4442.31,800.15,829.26,1,1,1,1
"default_tuned",0,"KO","in_sample","spawn",47,41,1,10,10,47,1,47,10,,170.14,581.17,0.872340425531915,0.0212765957446809,0.212765957446809,0.212765957446809
"ko_mad",0,"KO","in_sample","spawn",47,41,1,10,10,47,1,47,10,,83.05,574.08,0.872340425531915,0.0212765957446809,0.212765957446809,0.212765957446809
"default_tuned",100,"KO","in_sample","spawn",47,41,3,10,10,47,3,47,10,,170.14,581.17,0.872340425531915,0.0638297872340425,0.212765957446809,0.212765957446809
"ko_mad",100,"KO","in_sample","spawn",47,41,3,10,10,47,3,47,10,,83.05,574.08,0.872340425531915,0.0638297872340425,0.212765957446809,0.212765957446809
"default_tuned",0,"RB","in_sample","spawn",19,18,9,13,15,19,9,19,15,,2593.4,3981.95,0.947368421052632,0.473684210526316,0.68421052631579,0.789473684210526
"rb_mad",0,"RB","in_sample","spawn",19,18,8,12,14,19,8,19,14,,3277.04,4290.36,0.947368421052632,0.421052631578947,0.631578947368421,0.736842105263158
"default_tuned",100,"RB","in_sample","spawn",19,18,12,15,16,19,12,19,16,,2593.4,3981.95,0.947368421052632,0.631578947368421,0.789473684210526,0.842105263157895
"rb_mad",100,"RB","in_sample","spawn",19,18,11,14,15,19,11,19,15,,3277.04,4290.36,0.947368421052632,0.578947368421053,0.736842105263158,0.789473684210526
