watershed_group_code,region,subregion,wscode_outlet
ADMS,Fraser,,100.190442.999098.995997.058910
ALBN,West Vancouver Island,,930.077174
ATLL,Yukon,,800.936764.858242
ATNA,Central Mainland Coast,,910.275583.999439
BABL,Skeena,,400.536025
BABR,Skeena,,400.536025
BARR,Stikine,,600.273049
BBAR,Fraser,,100
BEAV,Mackenzie,,200.692231
BELA,Central Mainland Coast,,910.275583
BIGC,Fraser,,100.342455.095384
BLAR,Fraser,,100.500560
BLUR,Mackenzie,,200.692231.708347.173706
BONP,Fraser,,100.190442.506118
BOWR,Fraser,,100.654493
BRID,Fraser,,100.190442.998192.349877.237590.984912.950504
BRKS,West Vancouver Island,,930.862497
BULK,Skeena,,400.431358
BULL,Columbia,Kootenay,300.625474
CAMB,East Vancouver Island,,920.627155
CANO,Columbia,,300
CARP,Mackenzie,,200.948755.936906
CARR,Fraser,,100.458399.466616
CHES,Fraser,,100.567134
CHIL,Fraser,,100.567134.069486
CHIR,Fraser,,100.342455.328500
CHUK,Stikine,,600.823383
CHWK,Fraser,,100.064535
CLAY,West Vancouver Island,,930.504218
CLRH,Columbia,,300
CLWR,Fraser,,100.190442.998192.349877
COAL,Mackenzie,,200.692231
COLR,Columbia,,300
COMX,East Vancouver Island,,920.559826
COTR,Fraser,,100
COWN,East Vancouver Island,,920.388982
CRKD,Mackenzie,,200.948755.936906.932956
CRYL,Mackenzie,,200.692231.708347.415013
DEAD,Fraser,,100.190442.712025
DEAL,Mackenzie,,200.692231.708347
DEAR,Mackenzie,,200.692231.708347
DOGC,Fraser,,100
DRIR,Fraser,,100.567134.179319.815989.532920.992397
DUNC,Columbia,Kootenay,300.625474.096683
DUNE,Mackenzie,,200.692231
ELKR,Columbia,Kootenay,300.625474.584724
EUCH,Fraser,,100.500560.248839
EUCL,Fraser,,100.500560
FINA,Mackenzie,,200.948755
FINL,Mackenzie,,200.948755.999851
FIRE,Mackenzie,,200.948755.999851
FONT,Mackenzie,,200.692231.350733.999823
FOXR,Mackenzie,,200.948755.999851.345456
FRAN,Fraser,,100.567134.374775
FRCN,Fraser,,100
FROG,Mackenzie,,200.692231.587311
GATA,Mackenzie,,200.692231.587311.633085
GLAR,Yukon,,800.901317.610987
GOLD,West Vancouver Island,,930.508366
GRAI,Haida Gwaii,,940.349858
GRNL,Fraser,,100.190442.506118.553154
GUIC,Fraser,,100.190442.244975.296261
HARR,Fraser,,100
HAYR,Mackenzie,,200.893458
HERR,Fraser,,100.639480.270767
HOLB,West Vancouver Island,,930.968384
HOMA,South Mainland Coast,,900.407906
HORS,Fraser,,100.458399.638146
INGR,Mackenzie,,200.948755.992594
INKR,Taku,,700
ISKR,Stikine,,600.059339
JENR,Yukon,,800.901317.645839
JERV,South Mainland Coast,,900.236275
KAHN,Mackenzie,,200.692231.350733.999823.217968
KAKC,Stikine,,600.399105
KCHL,Mackenzie,,200.893458.633613
KEEC,Outer North Coast Islands,,915.669295.153885
KETL,Columbia,,300.571168
KHOR,Columbia,,300
KHTZ,Central Mainland Coast,,910.524956
KINR,Nass,,500.441851
KISK,Mackenzie,,200.948755.789717
KISP,Skeena,,400
KITL,Central Mainland Coast,,910.609623.008239
KITR,Central Mainland Coast,,910.665062
KLAR,Stikine,,600.544210
KLIN,South Mainland Coast,,900.595322
KLUM,Skeena,,400
KNIG,South Mainland Coast,,900.598651
KOTL,Columbia,Kootenay,300.625474
KOTR,Columbia,Kootenay,300.625474
KSHR,Central Mainland Coast,,910.998407
KTSU,Outer North Coast Islands,,915.606604.524213
KUMR,Central Mainland Coast,,910.733753
KUSR,Yukon,,800.936764
LARL,Columbia,,300
LBIR,Nass,,500.530253
LBTN,Mackenzie,,200.948755.796981
LCHL,Fraser,,100.567134
LCHR,Fraser,,100.342455
LDEN,Central Mainland Coast,,910.302877
LEUT,Fraser,,100.567134
LFRA,Fraser,,100
LFRT,Mackenzie,,200.692231.350733
LHAF,Mackenzie,,200.948755.837217
LIAR,Mackenzie,,200.692231
LILL,Fraser,,100.077501.955583
LISR,Stikine,,600.059339
LKEC,Mackenzie,,200.692231.587311
LKEL,Skeena,,400.174068
LMUS,Mackenzie,,200.692231.350733.577347
LNAR,Nass,,500
LNIC,Fraser,,100.190442.244975
LNRS,Fraser,,100.567134
LNTH,Fraser,,100.190442.998192
LOMI,Mackenzie,,200.948755.944288
LPCE,Mackenzie,,200.948755
LPET,Mackenzie,,200.692231.270936
LPRO,Mackenzie,,200.692231.350733.577347.047212
LRAN,Mackenzie,,200.692231.770914.504300
LRDO,Outer North Coast Islands,,915.620970.426780
LSAL,Fraser,,100.591289
LSIK,Mackenzie,,200.692231.350733.999566
LSKE,Skeena,,400
LSTR,Stikine,,600
LTRE,Fraser,,100.567134.179319.815989
MAHD,Fraser,,100.190442.998192.349877.237590
MBNK,Outer North Coast Islands,,915.669295.253982
MCGR,Fraser,,100.639480
MDEA,Mackenzie,,200.692231.708347
MESC,Stikine,,600.342012
MESI,Mackenzie,,200.948755.944297
MFRA,Fraser,,100
MFRT,Mackenzie,,200.692231.350733
MIDR,Fraser,,100.567134.179319.815989.532920
MILL,Mackenzie,,200.948755.796981.308302
MMUS,Mackenzie,,200.692231.350733.577347
MORI,Haida Gwaii,,950.012855
MORK,Fraser,,100
MORR,Skeena,,400.431358.585806
MPRO,Mackenzie,,200.692231.350733.577347.047212
MSKE,Skeena,,400
MSTR,Stikine,,600
MURR,Mackenzie,,200.948755.808139.320884
MURT,Fraser,,100.190442.998192.349877.581724
MUSK,Fraser,,100.591289.413213
NAHR,Taku,,700.998191.999667
NAKR,Taku,,700.999247
NARC,Fraser,,100
NASC,Central Mainland Coast,,910.318106
NASR,Nass,,500
NATR,Mackenzie,,200.948755.937012
NAZR,Fraser,,100.500560.326229
NBNK,Outer North Coast Islands,,915.669295.759486
NECL,Central Mainland Coast,,910.280177
NECR,Fraser,,100.567134
NEVI,East Vancouver Island,,920.954598
NICL,Fraser,,100.190442.244975
NIEL,Central Mainland Coast,,910.231256
NIMP,East Vancouver Island,,920.824808
OKAN,Columbia,,300.432687
OSPK,Mackenzie,,200.948755.951156
OWIK,Central Mainland Coast,,910.118506
PARA,Mackenzie,,200.948755
PARK,East Vancouver Island,,920.470275
PARS,Mackenzie,,200.948755.936902
PCEA,Mackenzie,,200.948755
PINE,Mackenzie,,200.948755.808139
PITR,Stikine,,600.683111
PORI,Outer North Coast Islands,,915.724877.161993
QUES,Fraser,,100.458399
REVL,Columbia,,300
SAHD,Mackenzie,,200.692231.270936
SAHT,Mackenzie,,200.692231.350733.487083
SAJR,Fraser,,100.382626
SALM,East Vancouver Island,,920.722273
SALR,Fraser,,100.591289
SANJ,West Vancouver Island,,930.073434
SETN,Fraser,,100
SEYM,South Mainland Coast,,900.690764
SHEK,Mackenzie,,200.893458.633613.058706
SHER,Taku,,700.998191.999517
SHUL,Fraser,,100.190442.999098.995997
SIML,Columbia,,300.432687.380566
SKGT,Skagit,,970.106243
SLOC,Columbia,Kootenay,300.625474.020842
SMAR,Columbia,Kootenay,300.625474
SMOK,Mackenzie,,200.948755.667407.370931
SPAT,Stikine,,600.756349
SQAM,South Mainland Coast,,900.105574
STHM,Fraser,,100.190442.999098
STIR,Stikine,,600
STUL,Fraser,,100.567134.179319
STUR,Fraser,,100.567134.179319
SUST,Skeena,,400.757844
SWIR,Yukon,,800.901317.630554
TABR,Fraser,,100
TAHR,Stikine,,600.377323
TAHS,West Vancouver Island,,930.673175
TAKL,Fraser,,100.567134.179319.815989.532920
TASR,Fraser,,100.342455.328500.134035
TATR,Alsek,,990
TAYR,Nass,,500.617060
TESR,Yukon,,800.901317
THOM,Fraser,,100.190442
TOAD,Mackenzie,,200.692231.445633
TOBA,South Mainland Coast,,900.391855
TOOD,Mackenzie,,200.948755.999851
TSAY,Central Mainland Coast,,910.609623
TSEA,Mackenzie,,200.692231.270936
TSIT,East Vancouver Island,,920.782999
TURN,Mackenzie,,200.692231.587311.296913
TUTR,Yukon,,800.936764
TUYR,Stikine,,600.392439
TWAC,Fraser,,100
UARL,Columbia,,300
UBIR,Nass,,500.530253
UBTN,Mackenzie,,200.948755.796981
UCHR,Fraser,,100.342455
UDEN,Central Mainland Coast,,910.302877
UEUT,Fraser,,100.567134.642019
UFRA,Fraser,,100
UFRT,Mackenzie,,200.692231.350733
UHAF,Mackenzie,,200.948755.837217
UISR,Stikine,,600.059339
UJER,Yukon,,800.901317.645839
UKEC,Mackenzie,,200.692231.587311
ULRD,Mackenzie,,200.692231
UMUS,Mackenzie,,200.692231.350733.577347
UNAR,Nass,,500
UNRS,Fraser,,100.567134
UNTH,Fraser,,100.190442.998192
UNUR,Unuk,,960.195906
UOMI,Mackenzie,,200.948755.944288
UPCE,Mackenzie,,200.948755
UPET,Mackenzie,,200.692231.270936
UPRO,Mackenzie,,200.692231.350733.577347.047212
USHU,Fraser,,100.190442.999098.995997.730848
USIK,Mackenzie,,200.692231.350733.999566
USKE,Skeena,,400
USTK,Stikine,,600
UTRE,Fraser,,100.567134.179319.815989
VICT,East Vancouver Island,,920.232404
WILL,Fraser,,100.594120
WORC,Central Mainland Coast,,910.881783
ZYMO,Skeena,,400.221484
