"tier","gap_class","n_lines","km","rel_median","abs_rel_median","abs_rel_p90","share_under","share_over"
"downstream",">10 km",2,0.240696873852882,0.739196628579884,1.01719110797906,1.60854841084297,0.5,0.5
"downstream","0-500 m",34889,10972.9819879154,7.02685498637127e-05,0.000142141754195764,0.0157654575010679,0.0211527988764367,0.524835908165898
"downstream","0.5-2 km",2,0.543225858800725,0.0282380125104545,0.0282380125104545,0.0504205938099278,0,1
"downstream","adjacent",34381,10866.9903824278,7.42363706662599e-05,0.00014074392184744,0.0158045686135573,0.0189057909892092,0.526104534481254
"downstream","all",69274,21840.756293076,7.22017182035536e-05,0.000141858284743284,0.0157961185809108,0.020050812714727,0.525478534515114
"rule",">10 km",1,1.03671403184551,-0.262638907820448,0.262638907820448,0.262638907820448,1,0
"rule","0-500 m",34873,11007.8609887078,-7.12090691189593e-05,0.000143748664115723,0.0155505611243791,0.52510538238752,0.0211911794224758
"rule","0.5-2 km",2,0.480167951674955,-0.0267547765445582,0.0267547765445582,0.0477509768707009,1,0
"rule","adjacent",34464,10869.3127822956,-7.02145109716182e-05,0.000135043207211411,0.0155064697224499,0.52477948003714,0.0189473073351903
"rule","all",69340,21878.6906529871,-7.07144681241121e-05,0.000140450068584625,0.0155500025891806,0.524963945774445,0.0200749927891549
"upstream",">10 km",1,1.03671403184551,-0.262638907820448,0.262638907820448,0.262638907820448,1,0
"upstream","0-500 m",34864,11005.037546927,-7.13753791823932e-05,0.000143665483812872,0.0155481683278585,0.525212253327214,0.0210819183111519
"upstream","0.5-2 km",2,0.480167951674955,-0.0267547765445582,0.0267547765445582,0.0477509768707009,1,0
"upstream","adjacent",34453,10863.6369984653,-7.03572492799662e-05,0.000135217559785558,0.0155070700342157,0.524918004237657,0.0188662816010217
"upstream","all",69320,21870.191427376,-7.09834039817715e-05,0.000140462139357636,0.0155467963413051,0.525086555106751,0.0199798038084247
"tributary_max","sample",1350,415.586903917178,-0.0158808531727117,0.0301443475054824,0.717517277415124,0.644444444444444,0.131111111111111
"upstream_beyond_10000m","sample",1249,399.415256948918,-0.261315907756561,0.261315907756561,0.771723942499771,0.926341072858287,0.000800640512409928
