"run","aoi","species_code","spawning_km","rearing_km","rearing_stream_km","rearing_lake_km","rearing_wetland_km","parts_minus_total"
"B","ADMS","BT",364.8,784.91,478.64,251.14,55.13,0
"B","ADMS","CH",278.22,588.93,312.19,234.34,42.41,0.01
"B","ADMS","CO",313.99,614.54,318.65,250.21,45.68,0
"B","ADMS","RB",306.99,684.12,386.47,246.69,50.96,0
"B","ADMS","SK",218.19,229.85,0,229.85,0,0
"B","NATR","BT",1808.03,3985.45,2498.75,508.59,978.11,0
"B","NATR","GR",785.03,1769.22,1289.4,402.31,77.51,0
"B","NATR","KO",121.18,345.43,0,345.43,0,0
"B","NATR","RB",1720.71,4004.84,2390.74,500.14,1113.96,0
