"variant","step_from","column","value_from","value","step_direction","obs_stage","species_code","flag","role","direction","stage","band_km","n_band","core_km","n_core","density_band","density_core","density_ratio"
"bt_rear_0p1249","default","rear_gradient_max",0.1049,0.1249,"added","any","BT","rearing","held_out","added","any",422.134460851787,46,10195.9446479322,1841,0.108970018479848,0.180561984550727,0.603504767357241
"bt_rear_0p1249","default","rear_gradient_max",0.1049,0.1249,"added","any","BT","rearing","held_out","added","rear",422.134460851787,10,10195.9446479322,241,0.0236891344521409,0.0236368486022407,1.00221204826329
"bt_rear_0p1249","default","rear_gradient_max",0.1049,0.1249,"added","any","BT","rearing","held_out","added","spawn",422.134460851787,0,10195.9446479322,11,0,0.00107886030964584,0
"bt_rear_0p1249","default","rear_gradient_max",0.1049,0.1249,"added","any","BT","rearing","held_out","removed","any",0.065013210197991,0,10195.9446479322,1841,0,0.180561984550727,0
"bt_rear_0p1249","default","rear_gradient_max",0.1049,0.1249,"added","any","BT","rearing","held_out","removed","rear",0.065013210197991,0,10195.9446479322,241,0,0.0236368486022407,0
"bt_rear_0p1249","default","rear_gradient_max",0.1049,0.1249,"added","any","BT","rearing","held_out","removed","spawn",0.065013210197991,0,10195.9446479322,11,0,0.00107886030964584,0
"bt_rear_0p1249","default","rear_gradient_max",0.1049,0.1249,"added","any","BT","rearing","in_sample","added","any",382.93264205242,38,8935.91499550551,1020,0.0992341624269214,0.114146117159018,0.869360823624663
"bt_rear_0p1249","default","rear_gradient_max",0.1049,0.1249,"added","any","BT","rearing","in_sample","added","rear",382.93264205242,22,8935.91499550551,224,0.0574513571945334,0.0250673825917844,2.29187698333382
"bt_rear_0p1249","default","rear_gradient_max",0.1049,0.1249,"added","any","BT","rearing","in_sample","added","spawn",382.93264205242,1,8935.91499550551,24,0.00261142532702425,0.0026857909919769,0.972311447474952
"bt_rear_0p1249","default","rear_gradient_max",0.1049,0.1249,"added","any","BT","rearing","in_sample","removed","any",0.70399999999999,1,8935.91499550551,1020,1.42045454545457,0.114146117159018,12.4441775227073
"bt_rear_0p1249","default","rear_gradient_max",0.1049,0.1249,"added","any","BT","rearing","in_sample","removed","rear",0.70399999999999,1,8935.91499550551,224,1.42045454545457,0.0250673825917844,56.6654512194706
"bt_rear_0p1249","default","rear_gradient_max",0.1049,0.1249,"added","any","BT","rearing","in_sample","removed","spawn",0.70399999999999,0,8935.91499550551,24,0,0.0026857909919769,0
"bt_rear_0p1349","bt_rear_0p1249","rear_gradient_max",0.1249,0.1349,"added","any","BT","rearing","held_out","added","any",163.041225190392,21,10195.9446479322,1841,0.128801779890191,0.180561984550727,0.713338304353903
"bt_rear_0p1349","bt_rear_0p1249","rear_gradient_max",0.1249,0.1349,"added","any","BT","rearing","held_out","added","rear",163.041225190392,7,10195.9446479322,241,0.0429339266300637,0.0236368486022407,1.81639808895648
"bt_rear_0p1349","bt_rear_0p1249","rear_gradient_max",0.1249,0.1349,"added","any","BT","rearing","held_out","added","spawn",163.041225190392,0,10195.9446479322,11,0,0.00107886030964584,0
"bt_rear_0p1349","bt_rear_0p1249","rear_gradient_max",0.1249,0.1349,"added","any","BT","rearing","held_out","removed","any",0,0,10195.9446479322,1841,,0.180561984550727,
"bt_rear_0p1349","bt_rear_0p1249","rear_gradient_max",0.1249,0.1349,"added","any","BT","rearing","held_out","removed","rear",0,0,10195.9446479322,241,,0.0236368486022407,
"bt_rear_0p1349","bt_rear_0p1249","rear_gradient_max",0.1249,0.1349,"added","any","BT","rearing","held_out","removed","spawn",0,0,10195.9446479322,11,,0.00107886030964584,
"bt_rear_0p1349","bt_rear_0p1249","rear_gradient_max",0.1249,0.1349,"added","any","BT","rearing","in_sample","added","any",137.577626542057,11,8935.91499550551,1020,0.0799548609499912,0.114146117159018,0.700460628359396
"bt_rear_0p1349","bt_rear_0p1249","rear_gradient_max",0.1249,0.1349,"added","any","BT","rearing","in_sample","added","rear",137.577626542057,7,8935.91499550551,224,0.0508803660590853,0.0250673825917844,2.0297438662687
"bt_rear_0p1349","bt_rear_0p1249","rear_gradient_max",0.1249,0.1349,"added","any","BT","rearing","in_sample","added","spawn",137.577626542057,1,8935.91499550551,24,0.00726862372272647,0.0026857909919769,2.70632515502494
"bt_rear_0p1349","bt_rear_0p1249","rear_gradient_max",0.1249,0.1349,"added","any","BT","rearing","in_sample","removed","any",0.298000000000023,0,8935.91499550551,1020,0,0.114146117159018,0
"bt_rear_0p1349","bt_rear_0p1249","rear_gradient_max",0.1249,0.1349,"added","any","BT","rearing","in_sample","removed","rear",0.298000000000023,0,8935.91499550551,224,0,0.0250673825917844,0
"bt_rear_0p1349","bt_rear_0p1249","rear_gradient_max",0.1249,0.1349,"added","any","BT","rearing","in_sample","removed","spawn",0.298000000000023,0,8935.91499550551,24,0,0.0026857909919769,0
"bt_rear_0p1449","bt_rear_0p1349","rear_gradient_max",0.1349,0.1449,"added","any","BT","rearing","held_out","added","any",137.509597013536,8,10195.9446479322,1841,0.0581777575801674,0.180561984550727,0.322203800123957
"bt_rear_0p1449","bt_rear_0p1349","rear_gradient_max",0.1349,0.1449,"added","any","BT","rearing","held_out","added","rear",137.509597013536,2,10195.9446479322,241,0.0145444393950418,0.0236368486022407,0.615329041523033
"bt_rear_0p1449","bt_rear_0p1349","rear_gradient_max",0.1349,0.1449,"added","any","BT","rearing","held_out","added","spawn",137.509597013536,0,10195.9446479322,11,0,0.00107886030964584,0
"bt_rear_0p1449","bt_rear_0p1349","rear_gradient_max",0.1349,0.1449,"added","any","BT","rearing","held_out","removed","any",0,0,10195.9446479322,1841,,0.180561984550727,
"bt_rear_0p1449","bt_rear_0p1349","rear_gradient_max",0.1349,0.1449,"added","any","BT","rearing","held_out","removed","rear",0,0,10195.9446479322,241,,0.0236368486022407,
"bt_rear_0p1449","bt_rear_0p1349","rear_gradient_max",0.1349,0.1449,"added","any","BT","rearing","held_out","removed","spawn",0,0,10195.9446479322,11,,0.00107886030964584,
"bt_rear_0p1449","bt_rear_0p1349","rear_gradient_max",0.1349,0.1449,"added","any","BT","rearing","in_sample","added","any",121.754733275809,9,8935.91499550551,1020,0.0739190974991702,0.114146117159018,0.647583109604969
"bt_rear_0p1449","bt_rear_0p1349","rear_gradient_max",0.1349,0.1449,"added","any","BT","rearing","in_sample","added","rear",121.754733275809,2,8935.91499550551,224,0.0164264661109267,0.0250673825917844,0.655292432338362
"bt_rear_0p1449","bt_rear_0p1349","rear_gradient_max",0.1349,0.1449,"added","any","BT","rearing","in_sample","added","spawn",121.754733275809,0,8935.91499550551,24,0,0.0026857909919769,0
"bt_rear_0p1449","bt_rear_0p1349","rear_gradient_max",0.1349,0.1449,"added","any","BT","rearing","in_sample","removed","any",0,0,8935.91499550551,1020,,0.114146117159018,
"bt_rear_0p1449","bt_rear_0p1349","rear_gradient_max",0.1349,0.1449,"added","any","BT","rearing","in_sample","removed","rear",0,0,8935.91499550551,224,,0.0250673825917844,
"bt_rear_0p1449","bt_rear_0p1349","rear_gradient_max",0.1349,0.1449,"added","any","BT","rearing","in_sample","removed","spawn",0,0,8935.91499550551,24,,0.0026857909919769,
