"variant","step_from","species_code","watershed_group_code","spawning_upstream","in_window","km","role"
"bt_rear_0p1249","default","BT","BABL",FALSE,FALSE,14.1218176426014,"held_out"
"bt_rear_0p1249","default","BT","BABL",FALSE,TRUE,10.670711929456,"held_out"
"bt_rear_0p1249","default","BT","BABL",TRUE,TRUE,7.23612431523042,"held_out"
"bt_rear_0p1249","default","BT","BABR",FALSE,FALSE,26.5230881513177,"held_out"
"bt_rear_0p1249","default","BT","BABR",FALSE,TRUE,21.8782963685213,"held_out"
"bt_rear_0p1249","default","BT","BABR",TRUE,TRUE,12.2213425303866,"held_out"
"bt_rear_0p1249","default","BT","BULK",FALSE,FALSE,44.8996679483216,"in_sample"
"bt_rear_0p1249","default","BT","BULK",FALSE,TRUE,50.0429114624976,"in_sample"
"bt_rear_0p1249","default","BT","BULK",TRUE,TRUE,26.2788163072244,"in_sample"
"bt_rear_0p1249","default","BT","BULL",FALSE,FALSE,20.7829834590131,"held_out"
"bt_rear_0p1249","default","BT","BULL",FALSE,TRUE,26.3489253442464,"held_out"
"bt_rear_0p1249","default","BT","BULL",TRUE,TRUE,12.0365244487905,"held_out"
"bt_rear_0p1249","default","BT","CLRH",FALSE,FALSE,4.68171528316873,"held_out"
"bt_rear_0p1249","default","BT","CLRH",FALSE,TRUE,18.010825611985,"held_out"
"bt_rear_0p1249","default","BT","CLRH",TRUE,TRUE,22.2648862115008,"held_out"
"bt_rear_0p1249","default","BT","ELKR",FALSE,FALSE,25.3586311668453,"held_out"
"bt_rear_0p1249","default","BT","ELKR",FALSE,TRUE,68.8734998628793,"held_out"
"bt_rear_0p1249","default","BT","ELKR",TRUE,TRUE,26.1475253098693,"held_out"
"bt_rear_0p1249","default","BT","KOTL",FALSE,FALSE,20.9367285403728,"in_sample"
"bt_rear_0p1249","default","BT","KOTL",FALSE,TRUE,43.7086195229832,"in_sample"
"bt_rear_0p1249","default","BT","KOTL",TRUE,TRUE,43.0721715349895,"in_sample"
"bt_rear_0p1249","default","BT","LILL",FALSE,FALSE,1.28039900687085,"held_out"
"bt_rear_0p1249","default","BT","LILL",FALSE,TRUE,11.6357846296263,"held_out"
"bt_rear_0p1249","default","BT","LILL",TRUE,FALSE,0.0712501056581846,"held_out"
"bt_rear_0p1249","default","BT","LILL",TRUE,TRUE,22.3043519073635,"held_out"
"bt_rear_0p1249","default","BT","MORR",FALSE,FALSE,17.1813062841651,"in_sample"
"bt_rear_0p1249","default","BT","MORR",FALSE,TRUE,19.7756863435698,"in_sample"
"bt_rear_0p1249","default","BT","MORR",TRUE,TRUE,12.2807038706536,"in_sample"
"bt_rear_0p1249","default","BT","PARS",FALSE,FALSE,27.6108280649582,"in_sample"
"bt_rear_0p1249","default","BT","PARS",FALSE,TRUE,61.6237776992448,"in_sample"
"bt_rear_0p1249","default","BT","PARS",TRUE,TRUE,15.5214244734391,"in_sample"
"bt_rear_0p1249","default","BT","REVL",FALSE,FALSE,2.12402170138014,"held_out"
"bt_rear_0p1249","default","BT","REVL",FALSE,TRUE,8.18053250365036,"held_out"
"bt_rear_0p1249","default","BT","REVL",TRUE,TRUE,12.2313535620805,"held_out"
"bt_rear_0p1249","default","BT","UARL",FALSE,FALSE,6.2576139260766,"held_out"
"bt_rear_0p1249","default","BT","UARL",FALSE,TRUE,15.2197255362419,"held_out"
"bt_rear_0p1249","default","BT","UARL",TRUE,TRUE,25.6725303370271,"held_out"
"bt_rear_0p1349","bt_rear_0p1249","BT","BABL",FALSE,FALSE,3.33478393489574,"held_out"
"bt_rear_0p1349","bt_rear_0p1249","BT","BABL",FALSE,TRUE,3.44014101780547,"held_out"
"bt_rear_0p1349","bt_rear_0p1249","BT","BABL",TRUE,TRUE,2.90209995913975,"held_out"
"bt_rear_0p1349","bt_rear_0p1249","BT","BABR",FALSE,FALSE,10.9482537258837,"held_out"
"bt_rear_0p1349","bt_rear_0p1249","BT","BABR",FALSE,TRUE,6.8105301609447,"held_out"
"bt_rear_0p1349","bt_rear_0p1249","BT","BABR",TRUE,TRUE,3.90674386243452,"held_out"
"bt_rear_0p1349","bt_rear_0p1249","BT","BULK",FALSE,FALSE,14.6056331680102,"in_sample"
"bt_rear_0p1349","bt_rear_0p1249","BT","BULK",FALSE,TRUE,14.8010465145284,"in_sample"
"bt_rear_0p1349","bt_rear_0p1249","BT","BULK",TRUE,TRUE,8.52210775264401,"in_sample"
"bt_rear_0p1349","bt_rear_0p1249","BT","BULL",FALSE,FALSE,12.8705038965318,"held_out"
"bt_rear_0p1349","bt_rear_0p1249","BT","BULL",FALSE,TRUE,12.2220200256773,"held_out"
"bt_rear_0p1349","bt_rear_0p1249","BT","BULL",TRUE,TRUE,4.28440041785419,"held_out"
"bt_rear_0p1349","bt_rear_0p1249","BT","CLRH",FALSE,FALSE,2.43601931213392,"held_out"
"bt_rear_0p1349","bt_rear_0p1249","BT","CLRH",FALSE,TRUE,4.68317506763157,"held_out"
"bt_rear_0p1349","bt_rear_0p1249","BT","CLRH",TRUE,TRUE,8.01461202874563,"held_out"
"bt_rear_0p1349","bt_rear_0p1249","BT","ELKR",FALSE,FALSE,16.7025648404777,"held_out"
"bt_rear_0p1349","bt_rear_0p1249","BT","ELKR",FALSE,TRUE,16.926783235467,"held_out"
"bt_rear_0p1349","bt_rear_0p1249","BT","ELKR",TRUE,TRUE,6.80556890023166,"held_out"
"bt_rear_0p1349","bt_rear_0p1249","BT","KOTL",FALSE,FALSE,11.3183389261455,"in_sample"
"bt_rear_0p1349","bt_rear_0p1249","BT","KOTL",FALSE,TRUE,12.4735628503874,"in_sample"
"bt_rear_0p1349","bt_rear_0p1249","BT","KOTL",TRUE,TRUE,11.6166583937859,"in_sample"
"bt_rear_0p1349","bt_rear_0p1249","BT","LILL",FALSE,FALSE,4.05601684304963,"held_out"
"bt_rear_0p1349","bt_rear_0p1249","BT","LILL",FALSE,TRUE,4.70075485752868,"held_out"
"bt_rear_0p1349","bt_rear_0p1249","BT","LILL",TRUE,TRUE,7.4762230687745,"held_out"
"bt_rear_0p1349","bt_rear_0p1249","BT","MORR",FALSE,FALSE,13.9968743265805,"in_sample"
"bt_rear_0p1349","bt_rear_0p1249","BT","MORR",FALSE,TRUE,11.414724006598,"in_sample"
"bt_rear_0p1349","bt_rear_0p1249","BT","MORR",TRUE,TRUE,3.45893801015461,"in_sample"
"bt_rear_0p1349","bt_rear_0p1249","BT","PARS",FALSE,FALSE,14.7751100714056,"in_sample"
"bt_rear_0p1349","bt_rear_0p1249","BT","PARS",FALSE,TRUE,15.1916215197573,"in_sample"
"bt_rear_0p1349","bt_rear_0p1249","BT","PARS",TRUE,TRUE,5.40301100205964,"in_sample"
"bt_rear_0p1349","bt_rear_0p1249","BT","REVL",FALSE,FALSE,0.43923962060241,"held_out"
"bt_rear_0p1349","bt_rear_0p1249","BT","REVL",FALSE,TRUE,2.25315537964721,"held_out"
"bt_rear_0p1349","bt_rear_0p1249","BT","REVL",TRUE,TRUE,6.38154846909208,"held_out"
"bt_rear_0p1349","bt_rear_0p1249","BT","UARL",FALSE,FALSE,7.9228866970992,"held_out"
"bt_rear_0p1349","bt_rear_0p1249","BT","UARL",FALSE,TRUE,4.61383758918555,"held_out"
"bt_rear_0p1349","bt_rear_0p1249","BT","UARL",TRUE,TRUE,8.90936227955849,"held_out"
"bt_rear_0p1449","bt_rear_0p1349","BT","BABL",FALSE,FALSE,3.39815701172267,"held_out"
"bt_rear_0p1449","bt_rear_0p1349","BT","BABL",FALSE,TRUE,3.24123103944117,"held_out"
"bt_rear_0p1449","bt_rear_0p1349","BT","BABL",TRUE,TRUE,1.1010902725038,"held_out"
"bt_rear_0p1449","bt_rear_0p1349","BT","BABR",FALSE,FALSE,5.76995585015026,"held_out"
"bt_rear_0p1449","bt_rear_0p1349","BT","BABR",FALSE,TRUE,4.50432632224241,"held_out"
"bt_rear_0p1449","bt_rear_0p1349","BT","BABR",TRUE,TRUE,2.36019113025511,"held_out"
"bt_rear_0p1449","bt_rear_0p1349","BT","BULK",FALSE,FALSE,28.0480140963787,"in_sample"
"bt_rear_0p1449","bt_rear_0p1349","BT","BULK",FALSE,TRUE,11.1564472435147,"in_sample"
"bt_rear_0p1449","bt_rear_0p1349","BT","BULK",TRUE,TRUE,5.52124464670368,"in_sample"
"bt_rear_0p1449","bt_rear_0p1349","BT","BULL",FALSE,FALSE,7.95245486227198,"held_out"
"bt_rear_0p1449","bt_rear_0p1349","BT","BULL",FALSE,TRUE,7.06549218546792,"held_out"
"bt_rear_0p1449","bt_rear_0p1349","BT","BULL",TRUE,TRUE,2.67497537834193,"held_out"
"bt_rear_0p1449","bt_rear_0p1349","BT","CLRH",FALSE,FALSE,3.35575956871938,"held_out"
"bt_rear_0p1449","bt_rear_0p1349","BT","CLRH",FALSE,TRUE,6.29262864947983,"held_out"
"bt_rear_0p1449","bt_rear_0p1349","BT","CLRH",TRUE,TRUE,5.86957333287492,"held_out"
"bt_rear_0p1449","bt_rear_0p1349","BT","ELKR",FALSE,FALSE,21.9839821420258,"held_out"
"bt_rear_0p1449","bt_rear_0p1349","BT","ELKR",FALSE,TRUE,15.8237144901717,"held_out"
"bt_rear_0p1449","bt_rear_0p1349","BT","ELKR",TRUE,TRUE,9.4869230244904,"held_out"
"bt_rear_0p1449","bt_rear_0p1349","BT","KOTL",FALSE,FALSE,15.5496678660605,"in_sample"
"bt_rear_0p1449","bt_rear_0p1349","BT","KOTL",FALSE,TRUE,11.0902250168126,"in_sample"
"bt_rear_0p1449","bt_rear_0p1349","BT","KOTL",TRUE,TRUE,10.1839066836779,"in_sample"
"bt_rear_0p1449","bt_rear_0p1349","BT","LILL",FALSE,FALSE,1.77758799518434,"held_out"
"bt_rear_0p1449","bt_rear_0p1349","BT","LILL",FALSE,TRUE,3.87514165409242,"held_out"
"bt_rear_0p1449","bt_rear_0p1349","BT","LILL",TRUE,TRUE,4.35104656216301,"held_out"
"bt_rear_0p1449","bt_rear_0p1349","BT","MORR",FALSE,FALSE,6.56156733868221,"in_sample"
"bt_rear_0p1449","bt_rear_0p1349","BT","MORR",FALSE,TRUE,7.1963921943874,"in_sample"
"bt_rear_0p1449","bt_rear_0p1349","BT","MORR",TRUE,TRUE,2.70124796783397,"in_sample"
"bt_rear_0p1449","bt_rear_0p1349","BT","PARS",FALSE,FALSE,5.34608698313147,"in_sample"
"bt_rear_0p1449","bt_rear_0p1349","BT","PARS",FALSE,TRUE,12.5680183689373,"in_sample"
"bt_rear_0p1449","bt_rear_0p1349","BT","PARS",TRUE,TRUE,5.83191486968893,"in_sample"
"bt_rear_0p1449","bt_rear_0p1349","BT","REVL",FALSE,FALSE,5.68660358409017,"held_out"
"bt_rear_0p1449","bt_rear_0p1349","BT","REVL",FALSE,TRUE,3.01665467418154,"held_out"
"bt_rear_0p1449","bt_rear_0p1349","BT","REVL",TRUE,TRUE,3.25664897760048,"held_out"
"bt_rear_0p1449","bt_rear_0p1349","BT","UARL",FALSE,FALSE,2.91056204099198,"held_out"
"bt_rear_0p1449","bt_rear_0p1349","BT","UARL",FALSE,TRUE,5.02781483400617,"held_out"
"bt_rear_0p1449","bt_rear_0p1349","BT","UARL",TRUE,TRUE,6.72708143106661,"held_out"
