"variant","watershed_group_code","schema","thresholds_sha256","link_head","dirty","built_at"
"default","ELKR","score284_default","7b904a18c29c724737ff24a27750bf05d7bfa281aa4fc1f7ac27c00238db042d","a11a001","FALSE","2026-09-29 20:22:13 PDT"
"default","BULL","score284_default","7b904a18c29c724737ff24a27750bf05d7bfa281aa4fc1f7ac27c00238db042d","a11a001","FALSE","2026-09-29 20:22:52 PDT"
"default","UARL","score284_default","7b904a18c29c724737ff24a27750bf05d7bfa281aa4fc1f7ac27c00238db042d","a11a001","FALSE","2026-09-29 20:23:24 PDT"
"default","REVL","score284_default","7b904a18c29c724737ff24a27750bf05d7bfa281aa4fc1f7ac27c00238db042d","a11a001","FALSE","2026-09-29 20:23:57 PDT"
"default","CLRH","score284_default","7b904a18c29c724737ff24a27750bf05d7bfa281aa4fc1f7ac27c00238db042d","a11a001","FALSE","2026-09-29 20:24:37 PDT"
"default","LILL","score284_default","7b904a18c29c724737ff24a27750bf05d7bfa281aa4fc1f7ac27c00238db042d","a11a001","FALSE","2026-09-29 20:25:58 PDT"
"default","BABL","score284_default","7b904a18c29c724737ff24a27750bf05d7bfa281aa4fc1f7ac27c00238db042d","a11a001","FALSE","2026-09-29 20:27:52 PDT"
"default","BABR","score284_default","7b904a18c29c724737ff24a27750bf05d7bfa281aa4fc1f7ac27c00238db042d","a11a001","FALSE","2026-09-29 20:29:22 PDT"
"default","PARS","score284_default","7b904a18c29c724737ff24a27750bf05d7bfa281aa4fc1f7ac27c00238db042d","a11a001","FALSE","2026-09-29 20:31:23 PDT"
"default","KOTL","score284_default","7b904a18c29c724737ff24a27750bf05d7bfa281aa4fc1f7ac27c00238db042d","a11a001","FALSE","2026-09-29 20:33:09 PDT"
"default","BULK","score284_default","7b904a18c29c724737ff24a27750bf05d7bfa281aa4fc1f7ac27c00238db042d","a11a001","FALSE","2026-09-29 20:36:33 PDT"
"default","MORR","score284_default","7b904a18c29c724737ff24a27750bf05d7bfa281aa4fc1f7ac27c00238db042d","a11a001","FALSE","2026-09-29 20:38:10 PDT"
"bt_rear_0p1249","ELKR","score284_bt_rear_0p1249","f695905587ee51f9053973314e595aff080295a14766b56d5a11191b0d5db075","a11a001","FALSE","2026-09-29 20:39:19 PDT"
"bt_rear_0p1249","BULL","score284_bt_rear_0p1249","f695905587ee51f9053973314e595aff080295a14766b56d5a11191b0d5db075","a11a001","FALSE","2026-09-29 20:39:45 PDT"
"bt_rear_0p1249","UARL","score284_bt_rear_0p1249","f695905587ee51f9053973314e595aff080295a14766b56d5a11191b0d5db075","a11a001","FALSE","2026-09-29 20:40:15 PDT"
"bt_rear_0p1249","REVL","score284_bt_rear_0p1249","f695905587ee51f9053973314e595aff080295a14766b56d5a11191b0d5db075","a11a001","FALSE","2026-09-29 20:40:40 PDT"
"bt_rear_0p1249","CLRH","score284_bt_rear_0p1249","f695905587ee51f9053973314e595aff080295a14766b56d5a11191b0d5db075","a11a001","FALSE","2026-09-29 20:41:15 PDT"
"bt_rear_0p1249","LILL","score284_bt_rear_0p1249","f695905587ee51f9053973314e595aff080295a14766b56d5a11191b0d5db075","a11a001","FALSE","2026-09-29 20:42:02 PDT"
"bt_rear_0p1249","BABL","score284_bt_rear_0p1249","f695905587ee51f9053973314e595aff080295a14766b56d5a11191b0d5db075","a11a001","FALSE","2026-09-29 20:42:44 PDT"
"bt_rear_0p1249","BABR","score284_bt_rear_0p1249","f695905587ee51f9053973314e595aff080295a14766b56d5a11191b0d5db075","a11a001","FALSE","2026-09-29 20:43:29 PDT"
"bt_rear_0p1249","PARS","score284_bt_rear_0p1249","f695905587ee51f9053973314e595aff080295a14766b56d5a11191b0d5db075","a11a001","FALSE","2026-09-29 20:45:03 PDT"
"bt_rear_0p1249","KOTL","score284_bt_rear_0p1249","f695905587ee51f9053973314e595aff080295a14766b56d5a11191b0d5db075","a11a001","FALSE","2026-09-29 20:46:18 PDT"
"bt_rear_0p1249","BULK","score284_bt_rear_0p1249","f695905587ee51f9053973314e595aff080295a14766b56d5a11191b0d5db075","a11a001","FALSE","2026-09-29 20:47:40 PDT"
"bt_rear_0p1249","MORR","score284_bt_rear_0p1249","f695905587ee51f9053973314e595aff080295a14766b56d5a11191b0d5db075","a11a001","FALSE","2026-09-29 20:48:29 PDT"
"bt_rear_0p1349","ELKR","score284_bt_rear_0p1349","8ee57893239b74ac96420cc963e9b48e84c903442342d61efc718d7e187ff463","a11a001","FALSE","2026-09-29 20:49:36 PDT"
"bt_rear_0p1349","BULL","score284_bt_rear_0p1349","8ee57893239b74ac96420cc963e9b48e84c903442342d61efc718d7e187ff463","a11a001","FALSE","2026-09-29 20:50:02 PDT"
"bt_rear_0p1349","UARL","score284_bt_rear_0p1349","8ee57893239b74ac96420cc963e9b48e84c903442342d61efc718d7e187ff463","a11a001","FALSE","2026-09-29 20:50:32 PDT"
"bt_rear_0p1349","REVL","score284_bt_rear_0p1349","8ee57893239b74ac96420cc963e9b48e84c903442342d61efc718d7e187ff463","a11a001","FALSE","2026-09-29 20:50:56 PDT"
"bt_rear_0p1349","CLRH","score284_bt_rear_0p1349","8ee57893239b74ac96420cc963e9b48e84c903442342d61efc718d7e187ff463","a11a001","FALSE","2026-09-29 20:51:29 PDT"
"bt_rear_0p1349","LILL","score284_bt_rear_0p1349","8ee57893239b74ac96420cc963e9b48e84c903442342d61efc718d7e187ff463","a11a001","FALSE","2026-09-29 20:52:15 PDT"
"bt_rear_0p1349","BABL","score284_bt_rear_0p1349","8ee57893239b74ac96420cc963e9b48e84c903442342d61efc718d7e187ff463","a11a001","FALSE","2026-09-29 20:52:54 PDT"
"bt_rear_0p1349","BABR","score284_bt_rear_0p1349","8ee57893239b74ac96420cc963e9b48e84c903442342d61efc718d7e187ff463","a11a001","FALSE","2026-09-29 20:53:38 PDT"
"bt_rear_0p1349","PARS","score284_bt_rear_0p1349","8ee57893239b74ac96420cc963e9b48e84c903442342d61efc718d7e187ff463","a11a001","FALSE","2026-09-29 20:55:21 PDT"
"bt_rear_0p1349","KOTL","score284_bt_rear_0p1349","8ee57893239b74ac96420cc963e9b48e84c903442342d61efc718d7e187ff463","a11a001","FALSE","2026-09-29 20:56:37 PDT"
"bt_rear_0p1349","BULK","score284_bt_rear_0p1349","8ee57893239b74ac96420cc963e9b48e84c903442342d61efc718d7e187ff463","a11a001","FALSE","2026-09-29 20:58:00 PDT"
"bt_rear_0p1349","MORR","score284_bt_rear_0p1349","8ee57893239b74ac96420cc963e9b48e84c903442342d61efc718d7e187ff463","a11a001","FALSE","2026-09-29 20:58:48 PDT"
"bt_rear_0p1449","ELKR","score284_bt_rear_0p1449","58e5ea82ebcbfefa4c2e84d5bc0c08b7fe5ecda623f2d8b53ab6ecdf7474df30","a11a001","FALSE","2026-09-29 20:59:56 PDT"
"bt_rear_0p1449","BULL","score284_bt_rear_0p1449","58e5ea82ebcbfefa4c2e84d5bc0c08b7fe5ecda623f2d8b53ab6ecdf7474df30","a11a001","FALSE","2026-09-29 21:00:22 PDT"
"bt_rear_0p1449","UARL","score284_bt_rear_0p1449","58e5ea82ebcbfefa4c2e84d5bc0c08b7fe5ecda623f2d8b53ab6ecdf7474df30","a11a001","FALSE","2026-09-29 21:00:52 PDT"
"bt_rear_0p1449","REVL","score284_bt_rear_0p1449","58e5ea82ebcbfefa4c2e84d5bc0c08b7fe5ecda623f2d8b53ab6ecdf7474df30","a11a001","FALSE","2026-09-29 21:01:17 PDT"
"bt_rear_0p1449","CLRH","score284_bt_rear_0p1449","58e5ea82ebcbfefa4c2e84d5bc0c08b7fe5ecda623f2d8b53ab6ecdf7474df30","a11a001","FALSE","2026-09-29 21:01:50 PDT"
"bt_rear_0p1449","LILL","score284_bt_rear_0p1449","58e5ea82ebcbfefa4c2e84d5bc0c08b7fe5ecda623f2d8b53ab6ecdf7474df30","a11a001","FALSE","2026-09-29 21:02:19 PDT"
"bt_rear_0p1449","BABL","score284_bt_rear_0p1449","58e5ea82ebcbfefa4c2e84d5bc0c08b7fe5ecda623f2d8b53ab6ecdf7474df30","a11a001","FALSE","2026-09-29 21:03:00 PDT"
"bt_rear_0p1449","BABR","score284_bt_rear_0p1449","58e5ea82ebcbfefa4c2e84d5bc0c08b7fe5ecda623f2d8b53ab6ecdf7474df30","a11a001","FALSE","2026-09-29 21:03:44 PDT"
"bt_rear_0p1449","PARS","score284_bt_rear_0p1449","58e5ea82ebcbfefa4c2e84d5bc0c08b7fe5ecda623f2d8b53ab6ecdf7474df30","a11a001","FALSE","2026-09-29 21:05:21 PDT"
"bt_rear_0p1449","KOTL","score284_bt_rear_0p1449","58e5ea82ebcbfefa4c2e84d5bc0c08b7fe5ecda623f2d8b53ab6ecdf7474df30","a11a001","FALSE","2026-09-29 21:06:41 PDT"
"bt_rear_0p1449","BULK","score284_bt_rear_0p1449","58e5ea82ebcbfefa4c2e84d5bc0c08b7fe5ecda623f2d8b53ab6ecdf7474df30","a11a001","FALSE","2026-09-29 21:08:11 PDT"
"bt_rear_0p1449","MORR","score284_bt_rear_0p1449","58e5ea82ebcbfefa4c2e84d5bc0c08b7fe5ecda623f2d8b53ab6ecdf7474df30","a11a001","FALSE","2026-09-29 21:09:01 PDT"
