"aoi","species_code","from","to","n_obs_rear_from","n_obs_lost","n_obs_gained"
"ADMS","BT","A","B",27,0,0
"ADMS","CH","A","B",8,0,0
"ADMS","CO","A","B",36,0,0
"ADMS","RB","A","B",33,0,0
"ADMS","SK","A","B",3,0,0
"BULK","BT","A","B",339,0,0
"BULK","CH","A","B",107,0,0
"BULK","CO","A","B",214,0,0
"BULK","PK","A","B",0,0,0
"BULK","RB","A","B",376,0,0
"BULK","SK","A","B",0,0,0
"BULK","ST","A","B",139,0,0
"NATR","BT","A","B",47,0,0
"NATR","RB","A","B",239,0,0
"NATR","GR","A","B",11,0,0
"NATR","KO","A","B",0,0,0
"PARS","BT","A","B",259,0,0
"PARS","GR","A","B",190,0,0
"PARS","KO","A","B",0,0,0
"PARS","RB","A","B",237,0,0
