"aoi","species_code","n_rear_A","rear_km_A","rear_km_subfloor_wetflow_A","rear_km_subfloor_A","lake_rear_km_A","wetland_rear_km_A","lake_rear_ha_A","wetland_rear_ha_A","n_rear_B","rear_km_B","rear_km_subfloor_wetflow_B","rear_km_subfloor_B","lake_rear_km_B","wetland_rear_km_B","lake_rear_ha_B","wetland_rear_ha_B","n_rear_C","rear_km_C","rear_km_subfloor_wetflow_C","rear_km_subfloor_C","lake_rear_km_C","wetland_rear_km_C","lake_rear_ha_C","wetland_rear_ha_C","bcfp_rear_km","d_rear_km_AB","d_n_rear_AB","d_rear_km_BC","d_n_rear_BC","vs_bcfp_pct_A","vs_bcfp_pct_C"
"ADMS","BT",2392,531.558,1.392,1.618,151.639,36.894,14259.7,922.7,2382,531.333,1.392,1.392,252.404,65.754,14273.6,1256,2360,529.855,0,0,252.404,65.754,14273.6,1256,674.194,-0.225000000000023,-10,-1.47799999999995,-22,-21.2,-21.4
"ADMS","CH",1469,353.257,0.924,0.979,137.795,29.941,13936.9,812,1467,353.202,0.924,0.924,234.336,50.332,13936.9,1093.9,1454,352.278,0,0,234.336,50.332,13936.9,1093.9,308.225,-0.0550000000000068,-2,-0.923999999999978,-13,14.6,14.3
"ADMS","CO",1515,362.875,0.143,0.143,144.402,30.5,14105.7,816.7,1515,362.875,0.143,0.143,245.172,52.226,14126.6,1105.9,1512,362.732,0,0,245.172,52.226,14126.6,1105.9,351.192,0,0,-0.142999999999972,-3,3.3,3.3
"ADMS","RB",2005,439.323,1.708,1.897,147.872,28.992,14128.5,834.9,1997,439.135,1.708,1.708,246.692,55.738,14142.4,1120.6,1973,437.426,0,0,246.692,55.738,14142.4,1120.6,NA,-0.187999999999988,-8,-1.709,-24,NA,NA
"ADMS","SK",360,229.852,0,0,134.909,NA,13820,0,360,229.852,0,0,229.852,NA,13820,0,360,229.852,0,0,229.852,NA,13820,0,229.852,0,0,0,0,0,0
"BULK","BT",9695,3010.324,7.181,7.696,77.739,243.379,4130.3,5912.7,9684,3009.938,7.181,7.311,158.67,522.893,4412.1,9149.1,9598,3001.4,0,0.13,158.67,522.893,4412.1,9149.1,3062.851,-0.385999999999967,-11,-8.53800000000001,-86,-1.7,-2
"BULK","CH",6701,2038.156,3.732,4.13,42.549,225.342,2871.9,5546.3,6694,2037.888,3.732,3.861,91.816,437.562,2871.9,8074.7,6642,2029.954,0,0.13,91.816,437.562,2871.9,8074.7,1738.15,-0.268000000000029,-7,-7.93399999999997,-52,17.3,16.8
"BULK","CO",7548,2295.743,1.319,1.362,85.893,228.528,4213.2,5567,7546,2295.699,1.319,1.319,176.133,454.473,4574.2,8176,7528,2294.38,0,0,176.133,454.473,4574.2,8176,2217.326,-0.043999999999869,-2,-1.31899999999996,-18,3.5,3.5
"BULK","RB",10070,3013.35,18.033,19.046,77.195,234.475,4119.2,5748.6,10048,3012.467,18.033,18.163,157.534,508.802,4388.5,8950.4,9831,2994.434,0,0.13,157.534,508.802,4388.5,8950.4,NA,-0.882999999999811,-22,-18.0329999999999,-217,NA,NA
"BULK","SK",139,64.563,0,0,32.063,NA,2098.8,0,139,64.563,0,0,64.563,NA,2098.8,0,139,64.563,0,0,64.563,NA,2098.8,0,47.747,0,0,0,0,35.2,35.2
"BULK","ST",8124,2552.064,4.844,5.282,58.402,235.51,3549,5814,8116,2551.756,4.844,4.974,117.697,494.848,3549,8788.7,8021,2527.992,0,0.13,117.697,494.848,3549,8788.7,2241.91,-0.307999999999993,-8,-23.7639999999997,-95,13.8,12.8
"NATR","BT",10657,3496.262,26.605,29.243,309.863,683.899,20437.5,11673,10617,3494.138,26.605,27.119,521.353,1287.263,20825.6,17128.4,10282,3460.046,0,0.514,521.353,1287.263,20825.6,17128.4,3071.341,-2.12400000000025,-40,-34.0920000000001,-335,13.8,12.7
"NATR","GR",3377,1360.771,0,0,251.489,NA,18480.9,0,3377,1360.771,0,0,408.332,NA,18480.9,0,3377,1360.771,0,0,408.332,NA,18480.9,0,NA,0,0,0,0,NA,NA
"NATR","KO",553,345.428,0,0,209.645,NA,16794.1,0,553,345.428,0,0,345.428,NA,16794.1,0,553,345.428,0,0,345.428,NA,16794.1,0,NA,0,0,0,0,NA,NA
"NATR","RB",11540,3554.074,46.68,49.993,297.664,668.913,19787.1,11486.3,11481,3551.379,46.68,47.299,500.14,1249.642,20175.2,16719.4,10916,3504.698,0,0.618,500.14,1249.642,20175.2,16719.4,NA,-2.69500000000016,-59,-46.681,-565,NA,NA
"PARS","BT",10854,2634.989,19.081,22.405,54.927,190.246,1839.2,7829.8,10794,2631.861,19.081,19.277,101.529,437.35,1994.8,10363.2,10513,2605.663,0,0.197,101.529,437.35,1994.8,10363.2,2588.914,-3.12800000000016,-60,-26.1979999999999,-281,1.8,0.6
"PARS","GR",5026,1366.27,0,0,46.306,NA,1565.8,0,5026,1366.27,0,0,73.733,NA,1565.8,0,5026,1366.27,0,0,73.733,NA,1565.8,0,NA,0,0,0,0,NA,NA
"PARS","KO",43,12.541,0,0,9.377,NA,376.9,0,43,12.541,0,0,12.541,NA,376.9,0,43,12.541,0,0,12.541,NA,376.9,0,NA,0,0,0,0,NA,NA
"PARS","RB",10518,2469.365,27.963,31.789,54.927,188.258,1839.2,7795.9,10443,2465.737,27.963,28.16,101.529,432.637,1994.8,10308.5,10076,2437.773,0,0.197,101.529,432.637,1994.8,10308.5,NA,-3.6279999999997,-75,-27.9639999999999,-367,NA,NA
