species_code,wsgs,outcome,metric,n,p05,p50,p95,share_below_spawn_min,share_below_rear_min,share_above_spawn_max,share_above_rear_max
BT,COTR LNTH PINE UNTH UPCE,absent,channel_width_m (site measured),258,0.5723214285714286,1.4583333333333333,10.75249999999999,0.6511627906976745,0.5116279069767442,,
BT,COTR LNTH PINE UNTH UPCE,present,channel_width_m (site measured),16,1.9,5.533333333333333,12.050000000000002,0.0625,0,,
BT,COTR LNTH PINE UNTH UPCE,absent,gradient (site measured),252,0.01,0.08,0.28224999999999995,,,0.6031746031746031,0.4166666666666667
BT,COTR LNTH PINE UNTH UPCE,present,gradient (site measured),15,0.0085,0.025,0.10599999999999998,,,0.2,0.06666666666666667
BT,COTR LNTH PINE UNTH UPCE,absent,segment channel_width (snapped <= 50 m),2008,1.2735,26.145,272.59,0.11205179282868526,0.06324701195219123,,
BT,COTR LNTH PINE UNTH UPCE,present,segment channel_width (snapped <= 50 m),125,2.7760000000000002,9.1,269.74,0.048,0.024,,
BT,COTR LNTH PINE UNTH UPCE,absent,segment mad_m3s (snapped <= 50 m),2027,4.2e-4,0.54303,13.73756,,,,
BT,COTR LNTH PINE UNTH UPCE,present,segment mad_m3s (snapped <= 50 m),139,9e-5,0.20274,6.61912,,,,
GR,PINE UPCE,absent,channel_width_m (site measured),77,0.4953333333333334,1.0333333333333334,10.77,0.7662337662337663,0.6103896103896104,,
GR,PINE UPCE,present,channel_width_m (site measured),2,6.308366666666668,7.883666666666667,9.458966666666667,0,0,,
GR,PINE UPCE,absent,gradient (site measured),73,0.013999999999999999,0.08375,0.33399999999999996,,,0.8767123287671232,0.8082191780821918
GR,PINE UPCE,present,gradient (site measured),2,0.0105,0.015,0.0195,,,0,0
GR,PINE UPCE,absent,segment channel_width (snapped <= 50 m),1426,1.8175,33.980000000000004,300.62,0.11640953716690042,0.034361851332398316,,
GR,PINE UPCE,present,segment channel_width (snapped <= 50 m),86,6.7,31.995,71.83,0.011627906976744186,0,,
GR,PINE UPCE,absent,segment mad_m3s (snapped <= 50 m),1273,3.4e-4,1.13162,13.73756,,,,
GR,PINE UPCE,present,segment mad_m3s (snapped <= 50 m),97,9e-5,12.887,13.484506,,,,
RB,COTR LNTH PINE UNTH UPCE,absent,channel_width_m (site measured),232,0.5539285714285714,1.3471428571428574,12.116666666666665,0.6551724137931034,0.5474137931034483,,
RB,COTR LNTH PINE UNTH UPCE,present,channel_width_m (site measured),42,1.2223214285714286,2.325,9.46063333333332,0.40476190476190477,0.11904761904761904,,
RB,COTR LNTH PINE UNTH UPCE,absent,gradient (site measured),227,0.01,0.08333333333333334,0.2954999999999998,,,0.6167400881057269,0.4933920704845815
RB,COTR LNTH PINE UNTH UPCE,present,gradient (site measured),40,0.01,0.04,0.16012500000000002,,,0.375,0.275
RB,COTR LNTH PINE UNTH UPCE,absent,segment channel_width (snapped <= 50 m),1917,1.5080000000000002,28.25,273.3,0.09702660406885759,0.047991653625456446,,
RB,COTR LNTH PINE UNTH UPCE,present,segment channel_width (snapped <= 50 m),216,1.12,6.98,44.58,0.20833333333333334,0.17592592592592593,,
RB,COTR LNTH PINE UNTH UPCE,absent,segment mad_m3s (snapped <= 50 m),1925,3.9e-4,0.60882,13.73756,,,,
RB,COTR LNTH PINE UNTH UPCE,present,segment mad_m3s (snapped <= 50 m),241,9e-5,0.17596,3.67752,,,,
