"aoi","species_code","rear_flag_km","rear_km","rear_stream_km","rear_lake_flag_km","rear_lake_km","rear_wetland_km","rear_connection_km","rear_connection_1400_km","rear_connection_1450_km","parts_minus_total"
"ADMS","BT",784.905,620.747,478.638,251.14,86.982,55.127,164.159,0,164.159,0
"ADMS","CH",588.933,428.277,312.185,234.336,73.681,42.411,160.655,0,160.655,0
"ADMS","CO",614.539,451.891,318.649,250.21,87.562,45.68,162.648,0,162.648,0
"ADMS","RB",684.119,521.916,386.466,246.692,84.49,50.96,162.203,0,162.203,0
"ADMS","SK",229.852,70.794,0,229.852,70.794,0,159.058,0,159.058,0
"NATR","BT",3985.452,3709.508,2498.752,508.591,232.647,978.109,275.944,0.914,275.03,0
"NATR","GR",1769.218,1533.707,1289.403,402.309,166.798,77.506,235.511,0,235.511,0
"NATR","KO",345.428,132.42,0,345.428,132.42,0,213.008,0,213.008,0
"NATR","RB",4004.838,3736.304,2390.735,500.14,231.605,1113.963,268.535,1.433,267.102,-0.001
