"aoi","species","rear_km_old","rear_km_new","connection_km","lake_km_old","lake_km_new","bcfp_rear_km_old","bcfp_rear_km_new","bcfp_connection_km","vs_bcfp_pct_old","vs_bcfp_pct_new"
"ADMS","BT",784.9,620.7,164.2,251.1,87,674.2,608.3,65.9,16.4,2
"ADMS","CH",588.9,428.3,160.7,234.3,73.7,308.2,308.2,0,91.1,38.9
"ADMS","CO",614.5,451.9,162.6,250.2,87.6,351.2,351.2,0,75,28.7
"ADMS","RB",684.1,521.9,162.2,246.7,84.5,NA,NA,NA,NA,NA
"ADMS","SK",229.9,70.8,159.1,229.9,70.8,229.9,70.8,159.1,0,0
"NATR","BT",3985.5,3710.4,275,508.6,233.6,3071.3,2983.3,88.1,29.8,24.4
"NATR","GR",1769.2,1533.7,235.5,402.3,166.8,NA,NA,NA,NA,NA
"NATR","KO",345.4,132.4,213,345.4,132.4,NA,NA,NA,NA,NA
"NATR","RB",4004.8,3737.7,267.1,500.1,233,NA,NA,NA,NA,NA
