"variant","watershed_group_code","species_code","role","rearing_km","spawning_km","rearing_km_base","spawning_km_base","rearing_km_added","rearing_pct_added","spawning_km_added"
"bt_mad_fill","UARL","BT","held_out",874.91,575.54,845.52,529.54,29.39,3.47596745198221,46
"bt_mad_fill","REVL","BT","held_out",602.61,429.78,592.75,412.05,9.86000000000001,1.66343315056938,17.73
"bt_mad_fill","KOTL","BT","in_sample",1549.7,989.55,1741.85,1035.17,-192.15,-11.0313746878319,-45.6200000000001
"bt_mad_fill","KOTR","BT","held_out",1176.48,840.05,1421.63,899.57,-245.15,-17.244290005135,-59.5200000000001
"bt_mad_fill","PARS","BT","in_sample",2263.52,1566.36,2775.14,1685.37,-511.62,-18.4358266609973,-119.01
"bt_mad_fill","ELKR","BT","held_out",1764.3,1384.23,2283.52,1536.59,-519.22,-22.7377031950673,-152.36
"bt_mad_fill","MURR","BT","held_out",1561.72,1209.25,2516.35,1676.2,-954.63,-37.9370914220995,-466.95
"bt_mad_fill","UBTN","BT","held_out",1707.92,1193.97,3074.02,2049.2,-1366.1,-44.4401793091782,-855.23
"bt_mad_fill","LHAF","BT","held_out",1516.96,1176.16,2792.13,1880.08,-1275.17,-45.6701514614291,-703.92
"gr_mad_fill","PARS","GR","in_sample",829.59,800.48,1366.27,983.86,-536.68,-39.2806692674215,-183.38
"gr_mad_fill","MURR","GR","held_out",484.33,477.58,1119.17,799.5,-634.84,-56.7241795258987,-321.92
"gr_mad_fill","LHAF","GR","held_out",317.87,309.3,1498.49,987.49,-1180.62,-78.7873125613117,-678.19
"gr_mad_fill","UBTN","GR","held_out",305.67,308.94,2087.06,1254.66,-1781.39,-85.3540386955814,-945.72
"ko_mad_fill","KOTL","KO","in_sample",568.63,122.83,568.63,166.31,0,0,-43.48
"ko_mad_fill","PARS","KO","in_sample",12.54,3.26,12.54,3.83,0,0,-0.57
"rb_mad_fill","REVL","RB","held_out",16.03,16.04,13.17,13.04,2.86,21.7160212604404,3
"rb_mad_fill","PARS","RB","in_sample",2770.89,2168.51,2469.39,1558.89,301.5,12.2094930326923,609.62
"rb_mad_fill","KOTL","RB","in_sample",1591.25,1180.3,1512.56,1034.51,78.69,5.20243825038346,145.79
"rb_mad_fill","KETL","RB","held_out",2360.11,1830.65,2290.38,1457.09,69.73,3.0444729695509,373.56
"rb_mad_fill","KOTR","RB","held_out",652.76,532.47,642.23,481.48,10.53,1.63959952042103,50.99
"rb_mad_fill","ELKR","RB","held_out",1824.31,1552.15,1810.55,1356.23,13.76,0.759990058269586,195.92
"rb_mad_fill","SIML","RB","held_out",1721.07,1275.67,1862.98,1188.38,-141.91,-7.61736572588005,87.29
"rb_mad_fill","OKAN","RB","held_out",1380.74,1107.79,1566.54,1025.68,-185.8,-11.8605334048285,82.1099999999999
