"variant","watershed_group_code","species_code","direction","flag","stage","band_km","n_band","core_km","n_core","density_band","density_core","density_ratio","n_absence_band","role"
"bt_mad_fill","ELKR","BT","added","spawning","any",22.2319560188289,0,1362.00276717823,506,0,0.371511726843494,0,,"held_out"
"bt_mad_fill","ELKR","BT","removed","spawning","any",174.587799046117,9,1362.00276717823,506,0.051549994038373,0.371511726843494,0.138757380490682,,"held_out"
"bt_mad_fill","KOTL","BT","added","spawning","any",33.545945120609,3,956.002033306297,116,0.0894295864735362,0.12133865405999,0.737024711262431,,"in_sample"
"bt_mad_fill","KOTL","BT","removed","spawning","any",79.1701136790783,0,956.002033306297,116,0,0.12133865405999,0,,"in_sample"
"bt_mad_fill","KOTR","BT","added","spawning","any",8.81196065441878,0,831.240767901866,136,0,0.163610839664755,0,,"held_out"
"bt_mad_fill","KOTR","BT","removed","spawning","any",68.3270549424874,2,831.240767901866,136,0.029270982068281,0.163610839664755,0.178906129497645,,"held_out"
"bt_mad_fill","LHAF","BT","added","spawning","any",12.8167863212218,0,1163.34367506129,99,0,0.085099530020468,0,,"held_out"
"bt_mad_fill","LHAF","BT","removed","spawning","any",716.740300499027,10,1163.34367506129,99,0.0139520548698567,0.085099530020468,0.163949846332888,,"held_out"
"bt_mad_fill","MURR","BT","added","spawning","any",17.0903018954675,0,1192.15869293839,234,0,0.19628259340478,0,,"held_out"
"bt_mad_fill","MURR","BT","removed","spawning","any",484.044955808452,5,1192.15869293839,234,0.010329619057075,0.19628259340478,0.0526262613403162,,"held_out"
"bt_mad_fill","PARS","BT","added","spawning","any",18.5776029237076,0,1547.78114115058,225,0,0.145369389778674,0,,"in_sample"
"bt_mad_fill","PARS","BT","removed","spawning","any",137.585008482557,6,1547.78114115058,225,0.0436094024063724,0.145369389778674,0.299990269428578,,"in_sample"
"bt_mad_fill","REVL","BT","added","spawning","any",22.1888078253904,1,407.591745143142,196,0.0450677660498601,0.480873330570439,0.0937206602753332,,"held_out"
"bt_mad_fill","REVL","BT","removed","spawning","any",4.45584557933327,0,407.591745143142,196,0,0.480873330570439,0,,"held_out"
"bt_mad_fill","UARL","BT","added","spawning","any",58.4762235274562,5,517.065257420749,112,0.0855048376653865,0.216607088549488,0.394746258019397,,"held_out"
"bt_mad_fill","UARL","BT","removed","spawning","any",12.4700260163244,5,517.065257420749,112,0.400961473011728,0.216607088549488,1.85110042195189,,"held_out"
"bt_mad_fill","UBTN","BT","added","spawning","any",3.15998154977259,0,1190.80615348092,1,0,0.000839767242616976,0,,"held_out"
"bt_mad_fill","UBTN","BT","removed","spawning","any",858.398410137665,0,1190.80615348092,1,0,0.000839767242616976,0,,"held_out"
"bt_mad_fill","ELKR","BT","added","spawning","spawn",22.2319560188289,0,1362.00276717823,0,0,0,,,"held_out"
"bt_mad_fill","ELKR","BT","removed","spawning","spawn",174.587799046117,0,1362.00276717823,0,0,0,,,"held_out"
"bt_mad_fill","KOTL","BT","added","spawning","spawn",33.545945120609,0,956.002033306297,0,0,0,,,"in_sample"
"bt_mad_fill","KOTL","BT","removed","spawning","spawn",79.1701136790783,0,956.002033306297,0,0,0,,,"in_sample"
"bt_mad_fill","KOTR","BT","added","spawning","spawn",8.81196065441878,0,831.240767901866,0,0,0,,,"held_out"
"bt_mad_fill","KOTR","BT","removed","spawning","spawn",68.3270549424874,0,831.240767901866,0,0,0,,,"held_out"
"bt_mad_fill","LHAF","BT","added","spawning","spawn",12.8167863212218,0,1163.34367506129,0,0,0,,,"held_out"
"bt_mad_fill","LHAF","BT","removed","spawning","spawn",716.740300499027,0,1163.34367506129,0,0,0,,,"held_out"
"bt_mad_fill","MURR","BT","added","spawning","spawn",17.0903018954675,0,1192.15869293839,3,0,0.00251644350518949,0,,"held_out"
"bt_mad_fill","MURR","BT","removed","spawning","spawn",484.044955808452,0,1192.15869293839,3,0,0.00251644350518949,0,,"held_out"
"bt_mad_fill","PARS","BT","added","spawning","spawn",18.5776029237076,0,1547.78114115058,0,0,0,,,"in_sample"
"bt_mad_fill","PARS","BT","removed","spawning","spawn",137.585008482557,0,1547.78114115058,0,0,0,,,"in_sample"
"bt_mad_fill","REVL","BT","added","spawning","spawn",22.1888078253904,0,407.591745143142,0,0,0,,,"held_out"
"bt_mad_fill","REVL","BT","removed","spawning","spawn",4.45584557933327,0,407.591745143142,0,0,0,,,"held_out"
"bt_mad_fill","UARL","BT","added","spawning","spawn",58.4762235274562,0,517.065257420749,0,0,0,,,"held_out"
"bt_mad_fill","UARL","BT","removed","spawning","spawn",12.4700260163244,0,517.065257420749,0,0,0,,,"held_out"
"bt_mad_fill","UBTN","BT","added","spawning","spawn",3.15998154977259,0,1190.80615348092,0,0,0,,,"held_out"
"bt_mad_fill","UBTN","BT","removed","spawning","spawn",858.398410137665,0,1190.80615348092,0,0,0,,,"held_out"
"bt_mad_fill","ELKR","BT","added","spawning","rear",22.2319560188289,0,1362.00276717823,0,0,0,,,"held_out"
"bt_mad_fill","ELKR","BT","removed","spawning","rear",174.587799046117,0,1362.00276717823,0,0,0,,,"held_out"
"bt_mad_fill","KOTL","BT","added","spawning","rear",33.545945120609,0,956.002033306297,0,0,0,,,"in_sample"
"bt_mad_fill","KOTL","BT","removed","spawning","rear",79.1701136790783,0,956.002033306297,0,0,0,,,"in_sample"
"bt_mad_fill","KOTR","BT","added","spawning","rear",8.81196065441878,0,831.240767901866,0,0,0,,,"held_out"
"bt_mad_fill","KOTR","BT","removed","spawning","rear",68.3270549424874,0,831.240767901866,0,0,0,,,"held_out"
"bt_mad_fill","LHAF","BT","added","spawning","rear",12.8167863212218,0,1163.34367506129,0,0,0,,,"held_out"
"bt_mad_fill","LHAF","BT","removed","spawning","rear",716.740300499027,0,1163.34367506129,0,0,0,,,"held_out"
"bt_mad_fill","MURR","BT","added","spawning","rear",17.0903018954675,0,1192.15869293839,1,0,0.000838814501729829,0,,"held_out"
"bt_mad_fill","MURR","BT","removed","spawning","rear",484.044955808452,0,1192.15869293839,1,0,0.000838814501729829,0,,"held_out"
"bt_mad_fill","PARS","BT","added","spawning","rear",18.5776029237076,0,1547.78114115058,0,0,0,,,"in_sample"
"bt_mad_fill","PARS","BT","removed","spawning","rear",137.585008482557,0,1547.78114115058,0,0,0,,,"in_sample"
"bt_mad_fill","REVL","BT","added","spawning","rear",22.1888078253904,0,407.591745143142,0,0,0,,,"held_out"
"bt_mad_fill","REVL","BT","removed","spawning","rear",4.45584557933327,0,407.591745143142,0,0,0,,,"held_out"
"bt_mad_fill","UARL","BT","added","spawning","rear",58.4762235274562,0,517.065257420749,0,0,0,,,"held_out"
"bt_mad_fill","UARL","BT","removed","spawning","rear",12.4700260163244,0,517.065257420749,0,0,0,,,"held_out"
"bt_mad_fill","UBTN","BT","added","spawning","rear",3.15998154977259,0,1190.80615348092,0,0,0,,,"held_out"
"bt_mad_fill","UBTN","BT","removed","spawning","rear",858.398410137665,0,1190.80615348092,0,0,0,,,"held_out"
"bt_mad_fill","ELKR","BT","added","rearing","any",29.4073199549567,0,1734.89745951304,552,0,0.318174424069384,0,,"held_out"
"bt_mad_fill","ELKR","BT","removed","rearing","any",548.625773123165,16,1734.89745951304,552,0.0291637775398642,0.318174424069384,0.091659716600931,,"held_out"
"bt_mad_fill","KOTL","BT","added","rearing","any",52.6957762188162,6,1497.00132926894,167,0.113861118110972,0.111556347168746,1.02066015068367,,"in_sample"
"bt_mad_fill","KOTL","BT","removed","rearing","any",244.847172272923,0,1497.00132926894,167,0,0.111556347168746,0,,"in_sample"
"bt_mad_fill","KOTR","BT","added","rearing","any",9.40285708627863,0,1167.07835089612,159,0,0.136237639810485,0,,"held_out"
"bt_mad_fill","KOTR","BT","removed","rearing","any",254.556055737679,8,1167.07835089612,159,0.0314272625603691,0.136237639810485,0.230679734353049,,"held_out"
"bt_mad_fill","LHAF","BT","added","rearing","any",9.9299883216056,0,1507.03394289535,106,0,0.0703368364725417,0,,"held_out"
"bt_mad_fill","LHAF","BT","removed","rearing","any",1285.09487133605,10,1507.03394289535,106,0.0077815266584976,0.0703368364725417,0.110632309451895,,"held_out"
"bt_mad_fill","MURR","BT","added","rearing","any",16.0284372200793,0,1545.6876183065,243,0,0.157211584748436,0,,"held_out"
"bt_mad_fill","MURR","BT","removed","rearing","any",970.658192134315,10,1545.6876183065,243,0.0103022877476691,0.157211584748436,0.065531352311946,,"held_out"
"bt_mad_fill","PARS","BT","added","rearing","any",22.5565500562989,0,2240.9637088098,255,0,0.113790330025216,0,,"in_sample"
"bt_mad_fill","PARS","BT","removed","rearing","any",534.175656309694,11,2240.9637088098,255,0.0205924771562833,0.113790330025216,0.180968603849905,,"in_sample"
"bt_mad_fill","REVL","BT","added","rearing","any",26.6204332919521,1,575.988808180396,245,0.0375651286000036,0.425355486982427,0.0883146679651404,,"held_out"
"bt_mad_fill","REVL","BT","removed","rearing","any",16.7653271043872,2,575.988808180396,245,0.119293825139662,0.425355486982427,0.280456768022345,,"held_out"
"bt_mad_fill","UARL","BT","added","rearing","any",75.1882459007277,7,799.716857629804,176,0.0930996582795962,0.220077891719862,0.423030489578223,,"held_out"
"bt_mad_fill","UARL","BT","removed","rearing","any",45.8038412303308,6,799.716857629804,176,0.130993380442225,0.220077891719862,0.595213719190691,,"held_out"
"bt_mad_fill","UBTN","BT","added","rearing","any",3.15998154977259,0,1704.75931209332,1,0,0.000586593070884637,0,,"held_out"
"bt_mad_fill","UBTN","BT","removed","rearing","any",1369.26548842162,0,1704.75931209332,1,0,0.000586593070884637,0,,"held_out"
"bt_mad_fill","ELKR","BT","added","rearing","spawn",29.4073199549567,0,1734.89745951304,0,0,0,,,"held_out"
"bt_mad_fill","ELKR","BT","removed","rearing","spawn",548.625773123165,0,1734.89745951304,0,0,0,,,"held_out"
"bt_mad_fill","KOTL","BT","added","rearing","spawn",52.6957762188162,0,1497.00132926894,0,0,0,,,"in_sample"
"bt_mad_fill","KOTL","BT","removed","rearing","spawn",244.847172272923,0,1497.00132926894,0,0,0,,,"in_sample"
"bt_mad_fill","KOTR","BT","added","rearing","spawn",9.40285708627863,0,1167.07835089612,0,0,0,,,"held_out"
"bt_mad_fill","KOTR","BT","removed","rearing","spawn",254.556055737679,0,1167.07835089612,0,0,0,,,"held_out"
"bt_mad_fill","LHAF","BT","added","rearing","spawn",9.9299883216056,0,1507.03394289535,0,0,0,,,"held_out"
"bt_mad_fill","LHAF","BT","removed","rearing","spawn",1285.09487133605,0,1507.03394289535,0,0,0,,,"held_out"
"bt_mad_fill","MURR","BT","added","rearing","spawn",16.0284372200793,0,1545.6876183065,3,0,0.00194088376232637,0,,"held_out"
"bt_mad_fill","MURR","BT","removed","rearing","spawn",970.658192134315,0,1545.6876183065,3,0,0.00194088376232637,0,,"held_out"
"bt_mad_fill","PARS","BT","added","rearing","spawn",22.5565500562989,0,2240.9637088098,0,0,0,,,"in_sample"
"bt_mad_fill","PARS","BT","removed","rearing","spawn",534.175656309694,0,2240.9637088098,0,0,0,,,"in_sample"
"bt_mad_fill","REVL","BT","added","rearing","spawn",26.6204332919521,0,575.988808180396,0,0,0,,,"held_out"
"bt_mad_fill","REVL","BT","removed","rearing","spawn",16.7653271043872,0,575.988808180396,0,0,0,,,"held_out"
"bt_mad_fill","UARL","BT","added","rearing","spawn",75.1882459007277,0,799.716857629804,0,0,0,,,"held_out"
"bt_mad_fill","UARL","BT","removed","rearing","spawn",45.8038412303308,0,799.716857629804,0,0,0,,,"held_out"
"bt_mad_fill","UBTN","BT","added","rearing","spawn",3.15998154977259,0,1704.75931209332,0,0,0,,,"held_out"
"bt_mad_fill","UBTN","BT","removed","rearing","spawn",1369.26548842162,0,1704.75931209332,0,0,0,,,"held_out"
"bt_mad_fill","ELKR","BT","added","rearing","rear",29.4073199549567,0,1734.89745951304,0,0,0,,,"held_out"
"bt_mad_fill","ELKR","BT","removed","rearing","rear",548.625773123165,0,1734.89745951304,0,0,0,,,"held_out"
"bt_mad_fill","KOTL","BT","added","rearing","rear",52.6957762188162,0,1497.00132926894,0,0,0,,,"in_sample"
"bt_mad_fill","KOTL","BT","removed","rearing","rear",244.847172272923,0,1497.00132926894,0,0,0,,,"in_sample"
"bt_mad_fill","KOTR","BT","added","rearing","rear",9.40285708627863,0,1167.07835089612,0,0,0,,,"held_out"
"bt_mad_fill","KOTR","BT","removed","rearing","rear",254.556055737679,0,1167.07835089612,0,0,0,,,"held_out"
"bt_mad_fill","LHAF","BT","added","rearing","rear",9.9299883216056,0,1507.03394289535,0,0,0,,,"held_out"
"bt_mad_fill","LHAF","BT","removed","rearing","rear",1285.09487133605,0,1507.03394289535,0,0,0,,,"held_out"
"bt_mad_fill","MURR","BT","added","rearing","rear",16.0284372200793,0,1545.6876183065,1,0,0.00064696125410879,0,,"held_out"
"bt_mad_fill","MURR","BT","removed","rearing","rear",970.658192134315,0,1545.6876183065,1,0,0.00064696125410879,0,,"held_out"
"bt_mad_fill","PARS","BT","added","rearing","rear",22.5565500562989,0,2240.9637088098,0,0,0,,,"in_sample"
"bt_mad_fill","PARS","BT","removed","rearing","rear",534.175656309694,0,2240.9637088098,0,0,0,,,"in_sample"
"bt_mad_fill","REVL","BT","added","rearing","rear",26.6204332919521,0,575.988808180396,0,0,0,,,"held_out"
"bt_mad_fill","REVL","BT","removed","rearing","rear",16.7653271043872,0,575.988808180396,0,0,0,,,"held_out"
"bt_mad_fill","UARL","BT","added","rearing","rear",75.1882459007277,0,799.716857629804,0,0,0,,,"held_out"
"bt_mad_fill","UARL","BT","removed","rearing","rear",45.8038412303308,0,799.716857629804,0,0,0,,,"held_out"
"bt_mad_fill","UBTN","BT","added","rearing","rear",3.15998154977259,0,1704.75931209332,0,0,0,,,"held_out"
"bt_mad_fill","UBTN","BT","removed","rearing","rear",1369.26548842162,0,1704.75931209332,0,0,0,,,"held_out"
"gr_mad_fill","LHAF","GR","added","spawning","any",3.47890763360877,0,305.817899403009,63,0,0.206004946482802,0,,"held_out"
"gr_mad_fill","LHAF","GR","removed","spawning","any",681.676531399254,25,305.817899403009,63,0.0366742858943425,0.206004946482802,0.178026239274814,,"held_out"
"gr_mad_fill","MURR","GR","added","spawning","any",9.27420576314629,0,468.310448607794,56,0,0.119578796856825,0,,"held_out"
"gr_mad_fill","MURR","GR","removed","spawning","any",331.193860556279,24,468.310448607794,56,0.0724651113993755,0.119578796856825,0.606003014783131,,"held_out"
"gr_mad_fill","PARS","GR","added","spawning","any",11.0338053984073,0,789.443597922272,186,0,0.235608978892895,0,,"in_sample"
"gr_mad_fill","PARS","GR","removed","spawning","any",194.415402458844,0,789.443597922272,186,0,0.235608978892895,0,,"in_sample"
"gr_mad_fill","UBTN","GR","added","spawning","any",0.0556700794765779,0,308.880232507961,5,0,0.016187504002449,0,,"held_out"
"gr_mad_fill","UBTN","GR","removed","spawning","any",945.783451736811,29,308.880232507961,5,0.0306624100334439,0.016187504002449,1.89420246807692,,"held_out"
"gr_mad_fill","LHAF","GR","added","spawning","spawn",3.47890763360877,0,305.817899403009,0,0,0,,,"held_out"
"gr_mad_fill","LHAF","GR","removed","spawning","spawn",681.676531399254,0,305.817899403009,0,0,0,,,"held_out"
"gr_mad_fill","MURR","GR","added","spawning","spawn",9.27420576314629,0,468.310448607794,1,0,0.00213533565815759,0,,"held_out"
"gr_mad_fill","MURR","GR","removed","spawning","spawn",331.193860556279,0,468.310448607794,1,0,0.00213533565815759,0,,"held_out"
"gr_mad_fill","PARS","GR","added","spawning","spawn",11.0338053984073,0,789.443597922272,1,0,0.00126671494028438,0,,"in_sample"
"gr_mad_fill","PARS","GR","removed","spawning","spawn",194.415402458844,0,789.443597922272,1,0,0.00126671494028438,0,,"in_sample"
"gr_mad_fill","UBTN","GR","added","spawning","spawn",0.0556700794765779,0,308.880232507961,0,0,0,,,"held_out"
"gr_mad_fill","UBTN","GR","removed","spawning","spawn",945.783451736811,0,308.880232507961,0,0,0,,,"held_out"
"gr_mad_fill","LHAF","GR","added","spawning","rear",3.47890763360877,0,305.817899403009,1,0,0.00326991978544131,0,,"held_out"
"gr_mad_fill","LHAF","GR","removed","spawning","rear",681.676531399254,4,305.817899403009,1,0.00586788574309481,0.00326991978544131,1.79450449189012,,"held_out"
"gr_mad_fill","MURR","GR","added","spawning","rear",9.27420576314629,0,468.310448607794,6,0,0.0128120139489455,0,,"held_out"
"gr_mad_fill","MURR","GR","removed","spawning","rear",331.193860556279,6,468.310448607794,6,0.0181162778498439,0.0128120139489455,1.41400703449397,,"held_out"
"gr_mad_fill","PARS","GR","added","spawning","rear",11.0338053984073,0,789.443597922272,97,0,0.122871349207585,0,,"in_sample"
"gr_mad_fill","PARS","GR","removed","spawning","rear",194.415402458844,0,789.443597922272,97,0,0.122871349207585,0,,"in_sample"
"gr_mad_fill","UBTN","GR","added","spawning","rear",0.0556700794765779,0,308.880232507961,1,0,0.0032375008004898,0,,"held_out"
"gr_mad_fill","UBTN","GR","removed","spawning","rear",945.783451736811,12,308.880232507961,1,0.0126878938069423,0.0032375008004898,3.91903958912466,,"held_out"
"gr_mad_fill","LHAF","GR","added","rearing","any",5.12919548572614,0,312.739971025988,63,0,0.201445308680306,0,,"held_out"
"gr_mad_fill","LHAF","GR","removed","rearing","any",1185.75496909214,32,312.739971025988,63,0.0269870258477605,0.201445308680306,0.133967010820733,,"held_out"
"gr_mad_fill","MURR","GR","added","rearing","any",8.93409310302972,0,475.398484243498,56,0,0.117795916175696,0,,"held_out"
"gr_mad_fill","MURR","GR","removed","rearing","any",643.773472099281,27,475.398484243498,56,0.0419402183689795,0.117795916175696,0.356041361454539,,"held_out"
"gr_mad_fill","PARS","GR","added","rearing","any",11.189152136446,0,818.405568513561,189,0,0.230936845094143,0,,"in_sample"
"gr_mad_fill","PARS","GR","removed","rearing","any",547.869348145907,1,818.405568513561,189,0.00182525268731348,0.230936845094143,0.00790368763619943,,"in_sample"
"gr_mad_fill","UBTN","GR","added","rearing","any",0.0556700794765779,0,305.612541761765,5,0,0.0163605851094215,0,,"held_out"
"gr_mad_fill","UBTN","GR","removed","rearing","any",1781.44481870921,42,305.612541761765,5,0.0235763687760096,0.0163605851094215,1.4410467974298,,"held_out"
"gr_mad_fill","LHAF","GR","added","rearing","spawn",5.12919548572614,0,312.739971025988,0,0,0,,,"held_out"
"gr_mad_fill","LHAF","GR","removed","rearing","spawn",1185.75496909214,0,312.739971025988,0,0,0,,,"held_out"
"gr_mad_fill","MURR","GR","added","rearing","spawn",8.93409310302972,0,475.398484243498,1,0,0.00210349850313743,0,,"held_out"
"gr_mad_fill","MURR","GR","removed","rearing","spawn",643.773472099281,0,475.398484243498,1,0,0.00210349850313743,0,,"held_out"
"gr_mad_fill","PARS","GR","added","rearing","spawn",11.189152136446,0,818.405568513561,1,0,0.00122188806928118,0,,"in_sample"
"gr_mad_fill","PARS","GR","removed","rearing","spawn",547.869348145907,0,818.405568513561,1,0,0.00122188806928118,0,,"in_sample"
"gr_mad_fill","UBTN","GR","added","rearing","spawn",0.0556700794765779,0,305.612541761765,0,0,0,,,"held_out"
"gr_mad_fill","UBTN","GR","removed","rearing","spawn",1781.44481870921,0,305.612541761765,0,0,0,,,"held_out"
"gr_mad_fill","LHAF","GR","added","rearing","rear",5.12919548572614,0,312.739971025988,1,0,0.00319754458222708,0,,"held_out"
"gr_mad_fill","LHAF","GR","removed","rearing","rear",1185.75496909214,9,312.739971025988,1,0.00759010101968264,0.00319754458222708,2.37372797297987,,"held_out"
"gr_mad_fill","MURR","GR","added","rearing","rear",8.93409310302972,0,475.398484243498,6,0,0.0126209910188246,0,,"held_out"
"gr_mad_fill","MURR","GR","removed","rearing","rear",643.773472099281,6,475.398484243498,6,0.00932004852643989,0.0126209910188246,0.738456157090895,,"held_out"
"gr_mad_fill","PARS","GR","added","rearing","rear",11.189152136446,0,818.405568513561,97,0,0.118523142720274,0,,"in_sample"
"gr_mad_fill","PARS","GR","removed","rearing","rear",547.869348145907,0,818.405568513561,97,0,0.118523142720274,0,,"in_sample"
"gr_mad_fill","UBTN","GR","added","rearing","rear",0.0556700794765779,0,305.612541761765,1,0,0.0032721170218843,0,,"held_out"
"gr_mad_fill","UBTN","GR","removed","rearing","rear",1781.44481870921,19,305.612541761765,1,0.0106655001605758,0.0032721170218843,3.25951061323408,,"held_out"
"rb_mad_fill","ELKR","RB","added","spawning","any",211.051487502005,1,1341.0965444465,27,0.00473818029825778,0.0201327787412528,0.235346563887332,,"held_out"
"rb_mad_fill","ELKR","RB","removed","spawning","any",15.1297399129375,0,1341.0965444465,27,0,0.0201327787412528,0,,"held_out"
"rb_mad_fill","KETL","RB","added","spawning","any",390.490925001299,9,1440.16237496702,220,0.0230479107804364,0.152760552437733,0.150876063307187,,"held_out"
"rb_mad_fill","KETL","RB","removed","spawning","any",16.9229325426258,2,1440.16237496702,220,0.118182826467124,0.152760552437733,0.77364754566004,,"held_out"
"rb_mad_fill","KOTL","RB","added","spawning","any",162.456896691829,3,1017.84219513467,182,0.0184664367046899,0.178809643449611,0.103274277317676,,"in_sample"
"rb_mad_fill","KOTL","RB","removed","spawning","any",16.6681698434563,7,1017.84219513467,182,0.419962123361017,0.178809643449611,2.34865477755601,,"in_sample"
"rb_mad_fill","KOTR","RB","added","spawning","any",53.6537978799257,1,478.814076953693,16,0.0186380096006987,0.0334158930785725,0.557758835200788,,"held_out"
"rb_mad_fill","KOTR","RB","removed","spawning","any",2.67004568644315,0,478.814076953693,16,0,0.0334158930785725,0,,"held_out"
"rb_mad_fill","OKAN","RB","added","spawning","any",128.113284688114,6,979.675039296379,317,0.0468335505924052,0.323576683374188,0.144737099422724,,"held_out"
"rb_mad_fill","OKAN","RB","removed","spawning","any",46.0064639889512,1,979.675039296379,317,0.0217360760487952,0.323576683374188,0.0671744200544242,,"held_out"
"rb_mad_fill","PARS","RB","added","spawning","any",615.242230104671,10,1553.26292826319,205,0.0162537607314418,0.131980230951128,0.123152995068334,,"in_sample"
"rb_mad_fill","PARS","RB","removed","spawning","any",5.62698611555143,1,1553.26292826319,205,0.17771502887421,0.131980230951128,1.3465276397343,,"in_sample"
"rb_mad_fill","REVL","RB","added","spawning","any",2.99465956277812,7,13.0415311432499,81,2.33749441405825,6.21092716110443,0.37635192837177,,"held_out"
"rb_mad_fill","REVL","RB","removed","spawning","any",0,0,13.0415311432499,81,,6.21092716110443,,,"held_out"
"rb_mad_fill","SIML","RB","added","spawning","any",146.684192434702,5,1128.98623796857,265,0.0340868359228673,0.234723853212618,0.145221013784188,,"held_out"
"rb_mad_fill","SIML","RB","removed","spawning","any",59.3956956306402,3,1128.98623796857,265,0.0505087105748519,0.234723853212618,0.215183543911491,,"held_out"
"rb_mad_fill","ELKR","RB","added","spawning","spawn",211.051487502005,0,1341.0965444465,0,0,0,,,"held_out"
"rb_mad_fill","ELKR","RB","removed","spawning","spawn",15.1297399129375,0,1341.0965444465,0,0,0,,,"held_out"
"rb_mad_fill","KETL","RB","added","spawning","spawn",390.490925001299,1,1440.16237496702,22,0.00256087897560404,0.0152760552437733,0.167640070341319,,"held_out"
"rb_mad_fill","KETL","RB","removed","spawning","spawn",16.9229325426258,0,1440.16237496702,22,0,0.0152760552437733,0,,"held_out"
"rb_mad_fill","KOTL","RB","added","spawning","spawn",162.456896691829,0,1017.84219513467,8,0,0.00785976454723567,0,,"in_sample"
"rb_mad_fill","KOTL","RB","removed","spawning","spawn",16.6681698434563,0,1017.84219513467,8,0,0.00785976454723567,0,,"in_sample"
"rb_mad_fill","KOTR","RB","added","spawning","spawn",53.6537978799257,0,478.814076953693,0,0,0,,,"held_out"
"rb_mad_fill","KOTR","RB","removed","spawning","spawn",2.67004568644315,0,478.814076953693,0,0,0,,,"held_out"
"rb_mad_fill","OKAN","RB","added","spawning","spawn",128.113284688114,0,979.675039296379,15,0,0.0153111995287471,0,,"held_out"
"rb_mad_fill","OKAN","RB","removed","spawning","spawn",46.0064639889512,0,979.675039296379,15,0,0.0153111995287471,0,,"held_out"
"rb_mad_fill","PARS","RB","added","spawning","spawn",615.242230104671,0,1553.26292826319,1,0,0.000643806004639646,0,,"in_sample"
"rb_mad_fill","PARS","RB","removed","spawning","spawn",5.62698611555143,0,1553.26292826319,1,0,0.000643806004639646,0,,"in_sample"
"rb_mad_fill","REVL","RB","added","spawning","spawn",2.99465956277812,0,13.0415311432499,0,0,0,,,"held_out"
"rb_mad_fill","REVL","RB","removed","spawning","spawn",0,0,13.0415311432499,0,,0,,,"held_out"
"rb_mad_fill","SIML","RB","added","spawning","spawn",146.684192434702,0,1128.98623796857,9,0,0.00797175350533421,0,,"held_out"
"rb_mad_fill","SIML","RB","removed","spawning","spawn",59.3956956306402,1,1128.98623796857,9,0.016836236858284,0.00797175350533421,2.11198663468686,,"held_out"
"rb_mad_fill","ELKR","RB","added","spawning","rear",211.051487502005,0,1341.0965444465,9,0,0.00671092624708427,0,,"held_out"
"rb_mad_fill","ELKR","RB","removed","spawning","rear",15.1297399129375,0,1341.0965444465,9,0,0.00671092624708427,0,,"held_out"
"rb_mad_fill","KETL","RB","added","spawning","rear",390.490925001299,6,1440.16237496702,91,0.0153652738536242,0.063187319417426,0.243170211923672,,"held_out"
"rb_mad_fill","KETL","RB","removed","spawning","rear",16.9229325426258,1,1440.16237496702,91,0.0590914132335621,0.063187319417426,0.935178351896752,,"held_out"
"rb_mad_fill","KOTL","RB","added","spawning","rear",162.456896691829,1,1017.84219513467,69,0.0061554789015633,0.0677904692199077,0.0908015385111932,,"in_sample"
"rb_mad_fill","KOTL","RB","removed","spawning","rear",16.6681698434563,0,1017.84219513467,69,0,0.0677904692199077,0,,"in_sample"
"rb_mad_fill","KOTR","RB","added","spawning","rear",53.6537978799257,0,478.814076953693,4,0,0.00835397326964312,0,,"held_out"
"rb_mad_fill","KOTR","RB","removed","spawning","rear",2.67004568644315,0,478.814076953693,4,0,0.00835397326964312,0,,"held_out"
"rb_mad_fill","OKAN","RB","added","spawning","rear",128.113284688114,1,979.675039296379,145,0.00780559176540087,0.148008262111222,0.052737540824142,,"held_out"
"rb_mad_fill","OKAN","RB","removed","spawning","rear",46.0064639889512,0,979.675039296379,145,0,0.148008262111222,0,,"held_out"
"rb_mad_fill","PARS","RB","added","spawning","rear",615.242230104671,7,1553.26292826319,117,0.0113776325120093,0.0753253025428386,0.151046622156461,,"in_sample"
"rb_mad_fill","PARS","RB","removed","spawning","rear",5.62698611555143,0,1553.26292826319,117,0,0.0753253025428386,0,,"in_sample"
"rb_mad_fill","REVL","RB","added","spawning","rear",2.99465956277812,2,13.0415311432499,20,0.667855546873787,1.5335622620011,0.435492945687333,,"held_out"
"rb_mad_fill","REVL","RB","removed","spawning","rear",0,0,13.0415311432499,20,,1.5335622620011,,,"held_out"
"rb_mad_fill","SIML","RB","added","spawning","rear",146.684192434702,0,1128.98623796857,66,0,0.0584595257057842,0,,"held_out"
"rb_mad_fill","SIML","RB","removed","spawning","rear",59.3956956306402,1,1128.98623796857,66,0.016836236858284,0.0584595257057842,0.287998177457299,,"held_out"
"rb_mad_fill","ELKR","RB","added","rearing","any",92.3180313633178,0,1731.9892799948,33,0,0.0190532357106154,0,,"held_out"
"rb_mad_fill","ELKR","RB","removed","rearing","any",78.5585989949837,0,1731.9892799948,33,0,0.0190532357106154,0,,"held_out"
"rb_mad_fill","KETL","RB","added","rearing","any",211.973523708057,5,2148.13395128325,286,0.0235878515039751,0.133138810933625,0.177167358928379,,"held_out"
"rb_mad_fill","KETL","RB","removed","rearing","any",142.244064283773,13,2148.13395128325,286,0.0913922142583423,0.133138810933625,0.686443071088454,,"held_out"
"rb_mad_fill","KOTL","RB","added","rearing","any",122.083358885065,2,1469.1626587205,228,0.0163822491309638,0.155190440382255,0.105562231092405,,"in_sample"
"rb_mad_fill","KOTL","RB","removed","rearing","any",43.3985006039754,7,1469.1626587205,228,0.161295895078891,0.155190440382255,1.03934169322284,,"in_sample"
"rb_mad_fill","KOTR","RB","added","rearing","any",25.4279959623514,1,627.32976432601,22,0.0393267326878845,0.0350692749667893,1.12140136130921,,"held_out"
"rb_mad_fill","KOTR","RB","removed","rearing","any",14.9019097099948,0,627.32976432601,22,0,0.0350692749667893,0,,"held_out"
"rb_mad_fill","OKAN","RB","added","rearing","any",71.0354619113296,2,1309.70630371446,371,0.0281549517126602,0.283269614682166,0.0993927701855725,,"held_out"
"rb_mad_fill","OKAN","RB","removed","rearing","any",256.830651314029,17,1309.70630371446,371,0.0661914764184979,0.283269614682166,0.233669525384027,,"held_out"
"rb_mad_fill","PARS","RB","added","rearing","any",329.880022729322,5,2441.01340279534,233,0.0151570257532772,0.0954521592274661,0.158791858413149,,"in_sample"
"rb_mad_fill","PARS","RB","removed","rearing","any",28.3787106152063,4,2441.01340279534,233,0.140950730786784,0.0954521592274661,1.47666361795853,,"in_sample"
"rb_mad_fill","REVL","RB","added","rearing","any",2.85652696182138,7,13.1715104571768,82,2.45052824410824,6.22555782547478,0.393623882839986,,"held_out"
"rb_mad_fill","REVL","RB","removed","rearing","any",0,0,13.1715104571768,82,,6.22555782547478,,,"held_out"
"rb_mad_fill","SIML","RB","added","rearing","any",96.455212453352,4,1624.61632547864,320,0.0414700242553972,0.196969582898732,0.210540245072855,,"held_out"
"rb_mad_fill","SIML","RB","removed","rearing","any",238.359552678358,8,1624.61632547864,320,0.0335627412877184,0.196969582898732,0.170395554449511,,"held_out"
"rb_mad_fill","ELKR","RB","added","rearing","spawn",92.3180313633178,0,1731.9892799948,0,0,0,,,"held_out"
"rb_mad_fill","ELKR","RB","removed","rearing","spawn",78.5585989949837,0,1731.9892799948,0,0,0,,,"held_out"
"rb_mad_fill","KETL","RB","added","rearing","spawn",211.973523708057,1,2148.13395128325,28,0.00471757030079503,0.0130345689025926,0.361927604667975,,"held_out"
"rb_mad_fill","KETL","RB","removed","rearing","spawn",142.244064283773,0,2148.13395128325,28,0,0.0130345689025926,0,,"held_out"
"rb_mad_fill","KOTL","RB","added","rearing","spawn",122.083358885065,0,1469.1626587205,12,0,0.00816791791485554,0,,"in_sample"
"rb_mad_fill","KOTL","RB","removed","rearing","spawn",43.3985006039754,0,1469.1626587205,12,0,0.00816791791485554,0,,"in_sample"
"rb_mad_fill","KOTR","RB","added","rearing","spawn",25.4279959623514,0,627.32976432601,0,0,0,,,"held_out"
"rb_mad_fill","KOTR","RB","removed","rearing","spawn",14.9019097099948,0,627.32976432601,0,0,0,,,"held_out"
"rb_mad_fill","OKAN","RB","added","rearing","spawn",71.0354619113296,0,1309.70630371446,20,0,0.0152705991742408,0,,"held_out"
"rb_mad_fill","OKAN","RB","removed","rearing","spawn",256.830651314029,1,1309.70630371446,20,0.00389361625991164,0.0152705991742408,0.25497468799257,,"held_out"
"rb_mad_fill","PARS","RB","added","rearing","spawn",329.880022729322,0,2441.01340279534,1,0,0.000409665919431185,0,,"in_sample"
"rb_mad_fill","PARS","RB","removed","rearing","spawn",28.3787106152063,0,2441.01340279534,1,0,0.000409665919431185,0,,"in_sample"
"rb_mad_fill","REVL","RB","added","rearing","spawn",2.85652696182138,0,13.1715104571768,0,0,0,,,"held_out"
"rb_mad_fill","REVL","RB","removed","rearing","spawn",0,0,13.1715104571768,0,,0,,,"held_out"
"rb_mad_fill","SIML","RB","added","rearing","spawn",96.455212453352,0,1624.61632547864,11,0,0.00677082941214393,0,,"held_out"
"rb_mad_fill","SIML","RB","removed","rearing","spawn",238.359552678358,1,1624.61632547864,11,0.0041953426609648,0.00677082941214393,0.619620197998221,,"held_out"
"rb_mad_fill","ELKR","RB","added","rearing","rear",92.3180313633178,0,1731.9892799948,11,0,0.00635107857020513,0,,"held_out"
"rb_mad_fill","ELKR","RB","removed","rearing","rear",78.5585989949837,0,1731.9892799948,11,0,0.00635107857020513,0,,"held_out"
"rb_mad_fill","KETL","RB","added","rearing","rear",211.973523708057,3,2148.13395128325,130,0.0141527109023851,0.0605176413334657,0.233860913785461,,"held_out"
"rb_mad_fill","KETL","RB","removed","rearing","rear",142.244064283773,9,2148.13395128325,130,0.0632715329480831,0.0605176413334657,1.04550560058088,,"held_out"
"rb_mad_fill","KOTL","RB","added","rearing","rear",122.083358885065,0,1469.1626587205,89,0,0.0605787245351786,0,,"in_sample"
"rb_mad_fill","KOTL","RB","removed","rearing","rear",43.3985006039754,0,1469.1626587205,89,0,0.0605787245351786,0,,"in_sample"
"rb_mad_fill","KOTR","RB","added","rearing","rear",25.4279959623514,0,627.32976432601,6,0,0.00956434771821527,0,,"held_out"
"rb_mad_fill","KOTR","RB","removed","rearing","rear",14.9019097099948,0,627.32976432601,6,0,0.00956434771821527,0,,"held_out"
"rb_mad_fill","OKAN","RB","added","rearing","rear",71.0354619113296,0,1309.70630371446,161,0,0.122928323352638,0,,"held_out"
"rb_mad_fill","OKAN","RB","removed","rearing","rear",256.830651314029,5,1309.70630371446,161,0.0194680812995582,0.122928323352638,0.158369371423957,,"held_out"
"rb_mad_fill","PARS","RB","added","rearing","rear",329.880022729322,2,2441.01340279534,141,0.00606281030131087,0.0577628946397971,0.104960292227699,,"in_sample"
"rb_mad_fill","PARS","RB","removed","rearing","rear",28.3787106152063,1,2441.01340279534,141,0.035237682696696,0.0577628946397971,0.610040111674359,,"in_sample"
"rb_mad_fill","REVL","RB","added","rearing","rear",2.85652696182138,2,13.1715104571768,21,0.70015092688807,1.59435017481671,0.439145012148012,,"held_out"
"rb_mad_fill","REVL","RB","removed","rearing","rear",0,0,13.1715104571768,21,,1.59435017481671,,,"held_out"
"rb_mad_fill","SIML","RB","added","rearing","rear",96.455212453352,0,1624.61632547864,83,0,0.0510889855643587,0,,"held_out"
"rb_mad_fill","SIML","RB","removed","rearing","rear",238.359552678358,6,1624.61632547864,83,0.0251720559657888,0.0510889855643587,0.492710036962441,,"held_out"
"ko_mad_fill","KOTL","KO","added","spawning","any",1.29701024945996,0,121.53670375798,12,0,0.098735605203643,0,,"in_sample"
"ko_mad_fill","KOTL","KO","removed","spawning","any",44.7730724767149,2,121.53670375798,12,0.0446697063517394,0.098735605203643,0.452417405652275,,"in_sample"
"ko_mad_fill","PARS","KO","added","spawning","any",0,0,3.26131409084402,0,,0,,,"in_sample"
"ko_mad_fill","PARS","KO","removed","spawning","any",0.57224751512598,0,3.26131409084402,0,0,0,,,"in_sample"
"ko_mad_fill","KOTL","KO","added","spawning","spawn",1.29701024945996,0,121.53670375798,1,0,0.00822796710030358,0,,"in_sample"
"ko_mad_fill","KOTL","KO","removed","spawning","spawn",44.7730724767149,0,121.53670375798,1,0,0.00822796710030358,0,,"in_sample"
"ko_mad_fill","PARS","KO","added","spawning","spawn",0,0,3.26131409084402,0,,0,,,"in_sample"
"ko_mad_fill","PARS","KO","removed","spawning","spawn",0.57224751512598,0,3.26131409084402,0,0,0,,,"in_sample"
"ko_mad_fill","KOTL","KO","added","spawning","rear",1.29701024945996,0,121.53670375798,1,0,0.00822796710030358,0,,"in_sample"
"ko_mad_fill","KOTL","KO","removed","spawning","rear",44.7730724767149,0,121.53670375798,1,0,0.00822796710030358,0,,"in_sample"
"ko_mad_fill","PARS","KO","added","spawning","rear",0,0,3.26131409084402,0,,0,,,"in_sample"
"ko_mad_fill","PARS","KO","removed","spawning","rear",0.57224751512598,0,3.26131409084402,0,0,0,,,"in_sample"
"ko_mad_fill","KOTL","KO","added","rearing","any",0,0,568.632862382441,17,,0.0298962672132137,,,"in_sample"
"ko_mad_fill","KOTL","KO","removed","rearing","any",0,0,568.632862382441,17,,0.0298962672132137,,,"in_sample"
"ko_mad_fill","PARS","KO","added","rearing","any",0,0,12.5407809769063,0,,0,,,"in_sample"
"ko_mad_fill","PARS","KO","removed","rearing","any",0,0,12.5407809769063,0,,0,,,"in_sample"
"ko_mad_fill","KOTL","KO","added","rearing","spawn",0,0,568.632862382441,10,,0.0175860395371845,,,"in_sample"
"ko_mad_fill","KOTL","KO","removed","rearing","spawn",0,0,568.632862382441,10,,0.0175860395371845,,,"in_sample"
"ko_mad_fill","PARS","KO","added","rearing","spawn",0,0,12.5407809769063,0,,0,,,"in_sample"
"ko_mad_fill","PARS","KO","removed","rearing","spawn",0,0,12.5407809769063,0,,0,,,"in_sample"
"ko_mad_fill","KOTL","KO","added","rearing","rear",0,0,568.632862382441,0,,0,,,"in_sample"
"ko_mad_fill","KOTL","KO","removed","rearing","rear",0,0,568.632862382441,0,,0,,,"in_sample"
"ko_mad_fill","PARS","KO","added","rearing","rear",0,0,12.5407809769063,0,,0,,,"in_sample"
"ko_mad_fill","PARS","KO","removed","rearing","rear",0,0,12.5407809769063,0,,0,,,"in_sample"
