"variant","species_code","flag","stage","role","class","order_class","km","n","per_100km","rate_group","core_per_100km_used","ratio_to_core"
"bt_mad_fill","BT","rearing","any","held_out","core","1",412.570055641702,6,1.45429846833351,"1-2",1.68831869174812,0.8613885965023
"bt_mad_fill","BT","rearing","any","held_out","core","2",535.118320859849,10,1.86874558582326,"1-2",1.68831869174812,1.10686779395206
"bt_mad_fill","BT","rearing","any","held_out","core","3",1562.95817173817,135,8.63746723623872,"3",8.63746723623872,1
"bt_mad_fill","BT","rearing","any","held_out","core","4+",6524.5158012748,1331,20.3999812482628,"4+",20.3999812482628,1
"bt_mad_fill","BT","rearing","any","held_out","cw_only","1",246.060382212477,1,0.406404310603925,"1-2",1.68831869174812,0.240715400824666
"bt_mad_fill","BT","rearing","any","held_out","cw_only","2",2144.64083475125,21,0.979184936690611,"1-2",1.68831869174812,0.579976364341937
"bt_mad_fill","BT","rearing","any","held_out","cw_only","3",1701.84222818543,20,1.17519706990258,"3",8.63746723623872,0.136058063985703
"bt_mad_fill","BT","rearing","any","held_out","cw_only","4+",398.226103938395,10,2.5111362367011,"4+",20.3999812482628,0.123095026713073
"bt_mad_fill","BT","rearing","any","held_out","mad_only","1",122.009280481045,5,4.09804891913676,"1-2",1.68831869174812,2.42729582937541
"bt_mad_fill","BT","rearing","any","held_out","mad_only","2",12.3247750493629,0,0,"1-2",1.68831869174812,0
"bt_mad_fill","BT","rearing","any","held_out","mad_only","3",23.9813619961345,2,8.3398098920419,"3",8.63746723623872,0.965538816408126
"bt_mad_fill","BT","rearing","any","held_out","mad_only","4+",11.4218457988306,1,8.7551523423857,"4+",20.3999812482628,0.429174528929103
"bt_mad_fill","BT","rearing","any","in_sample","core","1",133.291678722063,0,0,"1-2",2.3412003213221,0
"bt_mad_fill","BT","rearing","any","in_sample","core","2",336.552780968946,11,3.26843235950411,"1-2",2.3412003213221,1.39604985089802
"bt_mad_fill","BT","rearing","any","in_sample","core","3",934.617559986703,52,5.56377305822713,"3",5.56377305822713,1
"bt_mad_fill","BT","rearing","any","in_sample","core","4+",2333.50301840103,359,15.3845954845173,"4+",15.3845954845173,1
"bt_mad_fill","BT","rearing","any","in_sample","cw_only","1",45.6112615634159,0,0,"1-2",2.3412003213221,0
"bt_mad_fill","BT","rearing","any","in_sample","cw_only","2",479.972906957433,5,1.0417254656508,"1-2",2.3412003213221,0.444953580504604
"bt_mad_fill","BT","rearing","any","in_sample","cw_only","3",229.199993394744,6,2.61780112256216,"3",5.56377305822713,0.470508249557595
"bt_mad_fill","BT","rearing","any","in_sample","cw_only","4+",24.2386666670248,0,0,"4+",15.3845954845173,0
"bt_mad_fill","BT","rearing","any","in_sample","mad_only","1",43.1943932316702,0,0,"1-2",2.3412003213221,0
"bt_mad_fill","BT","rearing","any","in_sample","mad_only","2",13.5435629448906,0,0,"1-2",2.3412003213221,0
"bt_mad_fill","BT","rearing","any","in_sample","mad_only","3",12.4959047513922,3,24.0078654542062,"3",5.56377305822713,4.31503319832678
"bt_mad_fill","BT","rearing","any","in_sample","mad_only","4+",6.01846534716213,3,49.8465942221397,"4+",15.3845954845173,3.24003281544219
"bt_mad_fill","BT","rearing","rear","held_out","core","1",412.570055641702,0,0,"1-4+",0.0110678697439646,0
"bt_mad_fill","BT","rearing","rear","held_out","core","2",535.118320859849,0,0,"1-4+",0.0110678697439646,0
"bt_mad_fill","BT","rearing","rear","held_out","core","3",1562.95817173817,0,0,"1-4+",0.0110678697439646,0
"bt_mad_fill","BT","rearing","rear","held_out","core","4+",6524.5158012748,1,0.0153268078499344,"1-4+",0.0110678697439646,1.38480197223971
"bt_mad_fill","BT","rearing","rear","held_out","cw_only","1",246.060382212477,0,0,"1-4+",0.0110678697439646,0
"bt_mad_fill","BT","rearing","rear","held_out","cw_only","2",2144.64083475125,0,0,"1-4+",0.0110678697439646,0
"bt_mad_fill","BT","rearing","rear","held_out","cw_only","3",1701.84222818543,0,0,"1-4+",0.0110678697439646,0
"bt_mad_fill","BT","rearing","rear","held_out","cw_only","4+",398.226103938395,0,0,"1-4+",0.0110678697439646,0
"bt_mad_fill","BT","rearing","rear","held_out","mad_only","1",122.009280481045,0,0,"1-4+",0.0110678697439646,0
"bt_mad_fill","BT","rearing","rear","held_out","mad_only","2",12.3247750493629,0,0,"1-4+",0.0110678697439646,0
"bt_mad_fill","BT","rearing","rear","held_out","mad_only","3",23.9813619961345,0,0,"1-4+",0.0110678697439646,0
"bt_mad_fill","BT","rearing","rear","held_out","mad_only","4+",11.4218457988306,0,0,"1-4+",0.0110678697439646,0
"bt_mad_fill","BT","rearing","rear","in_sample","core","1",133.291678722063,0,0,"1-4+",0,
"bt_mad_fill","BT","rearing","rear","in_sample","core","2",336.552780968946,0,0,"1-4+",0,
"bt_mad_fill","BT","rearing","rear","in_sample","core","3",934.617559986703,0,0,"1-4+",0,
"bt_mad_fill","BT","rearing","rear","in_sample","core","4+",2333.50301840103,0,0,"1-4+",0,
"bt_mad_fill","BT","rearing","rear","in_sample","cw_only","1",45.6112615634159,0,0,"1-4+",0,
"bt_mad_fill","BT","rearing","rear","in_sample","cw_only","2",479.972906957433,0,0,"1-4+",0,
"bt_mad_fill","BT","rearing","rear","in_sample","cw_only","3",229.199993394744,0,0,"1-4+",0,
"bt_mad_fill","BT","rearing","rear","in_sample","cw_only","4+",24.2386666670248,0,0,"1-4+",0,
"bt_mad_fill","BT","rearing","rear","in_sample","mad_only","1",43.1943932316702,0,0,"1-4+",0,
"bt_mad_fill","BT","rearing","rear","in_sample","mad_only","2",13.5435629448906,0,0,"1-4+",0,
"bt_mad_fill","BT","rearing","rear","in_sample","mad_only","3",12.4959047513922,0,0,"1-4+",0,
"bt_mad_fill","BT","rearing","rear","in_sample","mad_only","4+",6.01846534716213,0,0,"1-4+",0,
"bt_mad_fill","BT","rearing","spawn","held_out","core","1",412.570055641702,0,0,"1-4+",0.0332036092318938,0
"bt_mad_fill","BT","rearing","spawn","held_out","core","2",535.118320859849,0,0,"1-4+",0.0332036092318938,0
"bt_mad_fill","BT","rearing","spawn","held_out","core","3",1562.95817173817,0,0,"1-4+",0.0332036092318938,0
"bt_mad_fill","BT","rearing","spawn","held_out","core","4+",6524.5158012748,3,0.0459804235498033,"1-4+",0.0332036092318938,1.38480197223971
"bt_mad_fill","BT","rearing","spawn","held_out","cw_only","1",246.060382212477,0,0,"1-4+",0.0332036092318938,0
"bt_mad_fill","BT","rearing","spawn","held_out","cw_only","2",2144.64083475125,0,0,"1-4+",0.0332036092318938,0
"bt_mad_fill","BT","rearing","spawn","held_out","cw_only","3",1701.84222818543,0,0,"1-4+",0.0332036092318938,0
"bt_mad_fill","BT","rearing","spawn","held_out","cw_only","4+",398.226103938395,0,0,"1-4+",0.0332036092318938,0
"bt_mad_fill","BT","rearing","spawn","held_out","mad_only","1",122.009280481045,0,0,"1-4+",0.0332036092318938,0
"bt_mad_fill","BT","rearing","spawn","held_out","mad_only","2",12.3247750493629,0,0,"1-4+",0.0332036092318938,0
"bt_mad_fill","BT","rearing","spawn","held_out","mad_only","3",23.9813619961345,0,0,"1-4+",0.0332036092318938,0
"bt_mad_fill","BT","rearing","spawn","held_out","mad_only","4+",11.4218457988306,0,0,"1-4+",0.0332036092318938,0
"bt_mad_fill","BT","rearing","spawn","in_sample","core","1",133.291678722063,0,0,"1-4+",0,
"bt_mad_fill","BT","rearing","spawn","in_sample","core","2",336.552780968946,0,0,"1-4+",0,
"bt_mad_fill","BT","rearing","spawn","in_sample","core","3",934.617559986703,0,0,"1-4+",0,
"bt_mad_fill","BT","rearing","spawn","in_sample","core","4+",2333.50301840103,0,0,"1-4+",0,
"bt_mad_fill","BT","rearing","spawn","in_sample","cw_only","1",45.6112615634159,0,0,"1-4+",0,
"bt_mad_fill","BT","rearing","spawn","in_sample","cw_only","2",479.972906957433,0,0,"1-4+",0,
"bt_mad_fill","BT","rearing","spawn","in_sample","cw_only","3",229.199993394744,0,0,"1-4+",0,
"bt_mad_fill","BT","rearing","spawn","in_sample","cw_only","4+",24.2386666670248,0,0,"1-4+",0,
"bt_mad_fill","BT","rearing","spawn","in_sample","mad_only","1",43.1943932316702,0,0,"1-4+",0,
"bt_mad_fill","BT","rearing","spawn","in_sample","mad_only","2",13.5435629448906,0,0,"1-4+",0,
"bt_mad_fill","BT","rearing","spawn","in_sample","mad_only","3",12.4959047513922,0,0,"1-4+",0,
"bt_mad_fill","BT","rearing","spawn","in_sample","mad_only","4+",6.01846534716213,0,0,"1-4+",0,
"bt_mad_fill","BT","spawning","any","held_out","core","1",6.16434281777848,0,0,"1-3",8.94087214181864,0
"bt_mad_fill","BT","spawning","any","held_out","core","2",158.853827185547,2,1.2590190840438,"1-3",8.94087214181864,0.140816137852488
"bt_mad_fill","BT","spawning","any","held_out","core","3",808.041265586629,85,10.5192647479818,"1-3",8.94087214181864,1.17653676074626
"bt_mad_fill","BT","spawning","any","held_out","core","4+",5691.14962353465,1197,21.0326573571364,"4+",21.0326573571364,1
"bt_mad_fill","BT","spawning","any","held_out","cw_only","1",42.1628653540188,1,2.37175531502316,"1-3",8.94087214181864,0.265271136574013
"bt_mad_fill","BT","spawning","any","held_out","cw_only","2",850.03153247932,11,1.29406964091272,"1-3",8.94087214181864,0.144736399356394
"bt_mad_fill","BT","spawning","any","held_out","cw_only","3",1085.469017795,12,1.10551289841294,"1-3",8.94087214181864,0.123647098501967
"bt_mad_fill","BT","spawning","any","held_out","cw_only","4+",341.360976401068,7,2.05061517980182,"4+",21.0326573571364,0.0974967235467298
"bt_mad_fill","BT","spawning","any","held_out","mad_only","1",104.146287249265,4,3.8407514138515,"1-3",8.94087214181864,0.429572345172835
"bt_mad_fill","BT","spawning","any","held_out","mad_only","2",12.2527284335885,0,0,"1-3",8.94087214181864,0
"bt_mad_fill","BT","spawning","any","held_out","mad_only","3",14.8610932873551,1,6.72898003305632,"1-3",8.94087214181864,0.75260890954734
"bt_mad_fill","BT","spawning","any","held_out","mad_only","4+",13.5159088223475,1,7.39868856133877,"4+",21.0326573571364,0.351771458817988
"bt_mad_fill","BT","spawning","any","in_sample","core","1",1.84838958747961,0,0,"1-3",5.37954109249726,0
"bt_mad_fill","BT","spawning","any","in_sample","core","2",124.9873202151,5,4.00040579427987,"1-3",5.37954109249726,0.743633281258722
"bt_mad_fill","BT","spawning","any","in_sample","core","3",430.832676481158,25,5.80271677723901,"1-3",5.37954109249726,1.07866390040815
"bt_mad_fill","BT","spawning","any","in_sample","core","4+",1946.11478817315,311,15.9805578730503,"4+",15.9805578730503,1
"bt_mad_fill","BT","spawning","any","in_sample","cw_only","1",13.3512611968172,0,0,"1-3",5.37954109249726,0
"bt_mad_fill","BT","spawning","any","in_sample","cw_only","2",111.588643769907,1,0.896148538252671,"1-3",5.37954109249726,0.166584569732632
"bt_mad_fill","BT","spawning","any","in_sample","cw_only","3",72.3918960356667,5,6.90685045400186,"1-3",5.37954109249726,1.28391071566211
"bt_mad_fill","BT","spawning","any","in_sample","cw_only","4+",19.4233211592447,0,0,"4+",15.9805578730503,0
"bt_mad_fill","BT","spawning","any","in_sample","mad_only","1",35.367949864459,0,0,"1-3",5.37954109249726,0
"bt_mad_fill","BT","spawning","any","in_sample","mad_only","2",4.44102680024591,0,0,"1-3",5.37954109249726,0
"bt_mad_fill","BT","spawning","any","in_sample","mad_only","3",7.74472357467929,0,0,"1-3",5.37954109249726,0
"bt_mad_fill","BT","spawning","any","in_sample","mad_only","4+",4.56984780493234,3,65.647700493702,"4+",15.9805578730503,4.10797301415933
"bt_mad_fill","BT","spawning","rear","held_out","core","1",6.16434281777848,0,0,"1-4+",0.0150055316561656,0
"bt_mad_fill","BT","spawning","rear","held_out","core","2",158.853827185547,0,0,"1-4+",0.0150055316561656,0
"bt_mad_fill","BT","spawning","rear","held_out","core","3",808.041265586629,0,0,"1-4+",0.0150055316561656,0
"bt_mad_fill","BT","spawning","rear","held_out","core","4+",5691.14962353465,1,0.0175711423200805,"1-4+",0.0150055316561656,1.17097765828648
"bt_mad_fill","BT","spawning","rear","held_out","cw_only","1",42.1628653540188,0,0,"1-4+",0.0150055316561656,0
"bt_mad_fill","BT","spawning","rear","held_out","cw_only","2",850.03153247932,0,0,"1-4+",0.0150055316561656,0
"bt_mad_fill","BT","spawning","rear","held_out","cw_only","3",1085.469017795,0,0,"1-4+",0.0150055316561656,0
"bt_mad_fill","BT","spawning","rear","held_out","cw_only","4+",341.360976401068,0,0,"1-4+",0.0150055316561656,0
"bt_mad_fill","BT","spawning","rear","held_out","mad_only","1",104.146287249265,0,0,"1-4+",0.0150055316561656,0
"bt_mad_fill","BT","spawning","rear","held_out","mad_only","2",12.2527284335885,0,0,"1-4+",0.0150055316561656,0
"bt_mad_fill","BT","spawning","rear","held_out","mad_only","3",14.8610932873551,0,0,"1-4+",0.0150055316561656,0
"bt_mad_fill","BT","spawning","rear","held_out","mad_only","4+",13.5159088223475,0,0,"1-4+",0.0150055316561656,0
"bt_mad_fill","BT","spawning","rear","in_sample","core","1",1.84838958747961,0,0,"1-4+",0,
"bt_mad_fill","BT","spawning","rear","in_sample","core","2",124.9873202151,0,0,"1-4+",0,
"bt_mad_fill","BT","spawning","rear","in_sample","core","3",430.832676481158,0,0,"1-4+",0,
"bt_mad_fill","BT","spawning","rear","in_sample","core","4+",1946.11478817315,0,0,"1-4+",0,
"bt_mad_fill","BT","spawning","rear","in_sample","cw_only","1",13.3512611968172,0,0,"1-4+",0,
"bt_mad_fill","BT","spawning","rear","in_sample","cw_only","2",111.588643769907,0,0,"1-4+",0,
"bt_mad_fill","BT","spawning","rear","in_sample","cw_only","3",72.3918960356667,0,0,"1-4+",0,
"bt_mad_fill","BT","spawning","rear","in_sample","cw_only","4+",19.4233211592447,0,0,"1-4+",0,
"bt_mad_fill","BT","spawning","rear","in_sample","mad_only","1",35.367949864459,0,0,"1-4+",0,
"bt_mad_fill","BT","spawning","rear","in_sample","mad_only","2",4.44102680024591,0,0,"1-4+",0,
"bt_mad_fill","BT","spawning","rear","in_sample","mad_only","3",7.74472357467929,0,0,"1-4+",0,
"bt_mad_fill","BT","spawning","rear","in_sample","mad_only","4+",4.56984780493234,0,0,"1-4+",0,
"bt_mad_fill","BT","spawning","spawn","held_out","core","1",6.16434281777848,0,0,"1-4+",0.0450165949684969,0
"bt_mad_fill","BT","spawning","spawn","held_out","core","2",158.853827185547,0,0,"1-4+",0.0450165949684969,0
"bt_mad_fill","BT","spawning","spawn","held_out","core","3",808.041265586629,0,0,"1-4+",0.0450165949684969,0
"bt_mad_fill","BT","spawning","spawn","held_out","core","4+",5691.14962353465,3,0.0527134269602416,"1-4+",0.0450165949684969,1.17097765828648
"bt_mad_fill","BT","spawning","spawn","held_out","cw_only","1",42.1628653540188,0,0,"1-4+",0.0450165949684969,0
"bt_mad_fill","BT","spawning","spawn","held_out","cw_only","2",850.03153247932,0,0,"1-4+",0.0450165949684969,0
"bt_mad_fill","BT","spawning","spawn","held_out","cw_only","3",1085.469017795,0,0,"1-4+",0.0450165949684969,0
"bt_mad_fill","BT","spawning","spawn","held_out","cw_only","4+",341.360976401068,0,0,"1-4+",0.0450165949684969,0
"bt_mad_fill","BT","spawning","spawn","held_out","mad_only","1",104.146287249265,0,0,"1-4+",0.0450165949684969,0
"bt_mad_fill","BT","spawning","spawn","held_out","mad_only","2",12.2527284335885,0,0,"1-4+",0.0450165949684969,0
"bt_mad_fill","BT","spawning","spawn","held_out","mad_only","3",14.8610932873551,0,0,"1-4+",0.0450165949684969,0
"bt_mad_fill","BT","spawning","spawn","held_out","mad_only","4+",13.5159088223475,0,0,"1-4+",0.0450165949684969,0
"bt_mad_fill","BT","spawning","spawn","in_sample","core","1",1.84838958747961,0,0,"1-4+",0,
"bt_mad_fill","BT","spawning","spawn","in_sample","core","2",124.9873202151,0,0,"1-4+",0,
"bt_mad_fill","BT","spawning","spawn","in_sample","core","3",430.832676481158,0,0,"1-4+",0,
"bt_mad_fill","BT","spawning","spawn","in_sample","core","4+",1946.11478817315,0,0,"1-4+",0,
"bt_mad_fill","BT","spawning","spawn","in_sample","cw_only","1",13.3512611968172,0,0,"1-4+",0,
"bt_mad_fill","BT","spawning","spawn","in_sample","cw_only","2",111.588643769907,0,0,"1-4+",0,
"bt_mad_fill","BT","spawning","spawn","in_sample","cw_only","3",72.3918960356667,0,0,"1-4+",0,
"bt_mad_fill","BT","spawning","spawn","in_sample","cw_only","4+",19.4233211592447,0,0,"1-4+",0,
"bt_mad_fill","BT","spawning","spawn","in_sample","mad_only","1",35.367949864459,0,0,"1-4+",0,
"bt_mad_fill","BT","spawning","spawn","in_sample","mad_only","2",4.44102680024591,0,0,"1-4+",0,
"bt_mad_fill","BT","spawning","spawn","in_sample","mad_only","3",7.74472357467929,0,0,"1-4+",0,
"bt_mad_fill","BT","spawning","spawn","in_sample","mad_only","4+",4.56984780493234,0,0,"1-4+",0,
"gr_mad_fill","GR","rearing","any","held_out","core","1",0.988224964340275,0,0,"1-4+",11.3371325225368,0
"gr_mad_fill","GR","rearing","any","held_out","core","2",19.8811590225324,0,0,"1-4+",11.3371325225368,0
"gr_mad_fill","GR","rearing","any","held_out","core","3",9.38402838805874,0,0,"1-4+",11.3371325225368,0
"gr_mad_fill","GR","rearing","any","held_out","core","4+",1063.49758465632,124,11.6596409610156,"1-4+",11.3371325225368,1.02844709081752
"gr_mad_fill","GR","rearing","any","held_out","cw_only","1",8.85247103322413,0,0,"1-4+",11.3371325225368,0
"gr_mad_fill","GR","rearing","any","held_out","cw_only","2",772.741939774334,4,0.51763723361102,"1-4+",11.3371325225368,0.0456585677711735
"gr_mad_fill","GR","rearing","any","held_out","cw_only","3",1044.23595693179,23,2.2025673266011,"1-4+",11.3371325225368,0.194279049153098
"gr_mad_fill","GR","rearing","any","held_out","cw_only","4+",1785.14289216129,74,4.14532642316423,"1-4+",11.3371325225368,0.365641524867408
"gr_mad_fill","GR","rearing","any","held_out","mad_only","1",14.1189586682324,0,0,"1-4+",11.3371325225368,0
"gr_mad_fill","GR","rearing","any","in_sample","core","1",1.44600023116258,1,69.1562821671201,"1-4+",23.0936845094142,2.99459716525218
"gr_mad_fill","GR","rearing","any","in_sample","core","2",15.6813778174493,1,6.37699066779235,"1-4+",23.0936845094142,0.276135696977793
"gr_mad_fill","GR","rearing","any","in_sample","core","3",7.19307903892639,1,13.9022523538022,"1-4+",23.0936845094142,0.601993690012304
"gr_mad_fill","GR","rearing","any","in_sample","core","4+",794.085111426024,186,23.4231818886492,"1-4+",23.0936845094142,1.01426785661251
"gr_mad_fill","GR","rearing","any","in_sample","cw_only","1",8.95280624515769,0,0,"1-4+",23.0936845094142,0
"gr_mad_fill","GR","rearing","any","in_sample","cw_only","2",130.703178215728,0,0,"1-4+",23.0936845094142,0
"gr_mad_fill","GR","rearing","any","in_sample","cw_only","3",178.206531434175,0,0,"1-4+",23.0936845094142,0
"gr_mad_fill","GR","rearing","any","in_sample","cw_only","4+",230.006832250846,1,0.434769693671273,"1-4+",23.0936845094142,0.0188263459429368
"gr_mad_fill","GR","rearing","any","in_sample","mad_only","1",11.189152136446,0,0,"1-4+",23.0936845094142,0
"gr_mad_fill","GR","rearing","rear","held_out","core","1",0.988224964340275,0,0,"1-4+",0.731427904679792,0
"gr_mad_fill","GR","rearing","rear","held_out","core","2",19.8811590225324,0,0,"1-4+",0.731427904679792,0
"gr_mad_fill","GR","rearing","rear","held_out","core","3",9.38402838805874,0,0,"1-4+",0.731427904679792,0
"gr_mad_fill","GR","rearing","rear","held_out","core","4+",1063.49758465632,8,0.752234900710686,"1-4+",0.731427904679792,1.02844709081752
"gr_mad_fill","GR","rearing","rear","held_out","cw_only","1",8.85247103322413,0,0,"1-4+",0.731427904679792,0
"gr_mad_fill","GR","rearing","rear","held_out","cw_only","2",772.741939774334,0,0,"1-4+",0.731427904679792,0
"gr_mad_fill","GR","rearing","rear","held_out","cw_only","3",1044.23595693179,8,0.76611037446995,"1-4+",0.731427904679792,1.04741748239061
"gr_mad_fill","GR","rearing","rear","held_out","cw_only","4+",1785.14289216129,26,1.45646604057121,"1-4+",0.731427904679792,1.99126398002115
"gr_mad_fill","GR","rearing","rear","held_out","mad_only","1",14.1189586682324,0,0,"1-4+",0.731427904679792,0
"gr_mad_fill","GR","rearing","rear","in_sample","core","1",1.44600023116258,0,0,"1-4+",11.8523142720274,0
"gr_mad_fill","GR","rearing","rear","in_sample","core","2",15.6813778174493,0,0,"1-4+",11.8523142720274,0
"gr_mad_fill","GR","rearing","rear","in_sample","core","3",7.19307903892639,1,13.9022523538022,"1-4+",11.8523142720274,1.17295677744665
"gr_mad_fill","GR","rearing","rear","in_sample","core","4+",794.085111426024,96,12.0893842005931,"1-4+",11.8523142720274,1.02000199481085
"gr_mad_fill","GR","rearing","rear","in_sample","cw_only","1",8.95280624515769,0,0,"1-4+",11.8523142720274,0
"gr_mad_fill","GR","rearing","rear","in_sample","cw_only","2",130.703178215728,0,0,"1-4+",11.8523142720274,0
"gr_mad_fill","GR","rearing","rear","in_sample","cw_only","3",178.206531434175,0,0,"1-4+",11.8523142720274,0
"gr_mad_fill","GR","rearing","rear","in_sample","cw_only","4+",230.006832250846,0,0,"1-4+",11.8523142720274,0
"gr_mad_fill","GR","rearing","rear","in_sample","mad_only","1",11.189152136446,0,0,"1-4+",11.8523142720274,0
"gr_mad_fill","GR","rearing","spawn","held_out","core","1",0.988224964340275,0,0,"1-4+",0.091428488084974,0
"gr_mad_fill","GR","rearing","spawn","held_out","core","2",19.8811590225324,0,0,"1-4+",0.091428488084974,0
"gr_mad_fill","GR","rearing","spawn","held_out","core","3",9.38402838805874,0,0,"1-4+",0.091428488084974,0
"gr_mad_fill","GR","rearing","spawn","held_out","core","4+",1063.49758465632,1,0.0940293625888357,"1-4+",0.091428488084974,1.02844709081752
"gr_mad_fill","GR","rearing","spawn","held_out","cw_only","1",8.85247103322413,0,0,"1-4+",0.091428488084974,0
"gr_mad_fill","GR","rearing","spawn","held_out","cw_only","2",772.741939774334,0,0,"1-4+",0.091428488084974,0
"gr_mad_fill","GR","rearing","spawn","held_out","cw_only","3",1044.23595693179,0,0,"1-4+",0.091428488084974,0
"gr_mad_fill","GR","rearing","spawn","held_out","cw_only","4+",1785.14289216129,0,0,"1-4+",0.091428488084974,0
"gr_mad_fill","GR","rearing","spawn","held_out","mad_only","1",14.1189586682324,0,0,"1-4+",0.091428488084974,0
"gr_mad_fill","GR","rearing","spawn","in_sample","core","1",1.44600023116258,0,0,"1-4+",0.122188806928118,0
"gr_mad_fill","GR","rearing","spawn","in_sample","core","2",15.6813778174493,0,0,"1-4+",0.122188806928118,0
"gr_mad_fill","GR","rearing","spawn","in_sample","core","3",7.19307903892639,0,0,"1-4+",0.122188806928118,0
"gr_mad_fill","GR","rearing","spawn","in_sample","core","4+",794.085111426024,1,0.125931085422845,"1-4+",0.122188806928118,1.03062701559013
"gr_mad_fill","GR","rearing","spawn","in_sample","cw_only","1",8.95280624515769,0,0,"1-4+",0.122188806928118,0
"gr_mad_fill","GR","rearing","spawn","in_sample","cw_only","2",130.703178215728,0,0,"1-4+",0.122188806928118,0
"gr_mad_fill","GR","rearing","spawn","in_sample","cw_only","3",178.206531434175,0,0,"1-4+",0.122188806928118,0
"gr_mad_fill","GR","rearing","spawn","in_sample","cw_only","4+",230.006832250846,0,0,"1-4+",0.122188806928118,0
"gr_mad_fill","GR","rearing","spawn","in_sample","mad_only","1",11.189152136446,0,0,"1-4+",0.122188806928118,0
"gr_mad_fill","GR","spawning","any","held_out","core","1",0.766131165406028,0,0,"1-4+",11.4495861095213,0
"gr_mad_fill","GR","spawning","any","held_out","core","2",15.821025334102,0,0,"1-4+",11.4495861095213,0
"gr_mad_fill","GR","spawning","any","held_out","core","3",8.58337424071414,0,0,"1-4+",11.4495861095213,0
"gr_mad_fill","GR","spawning","any","held_out","core","4+",1057.83804977854,124,11.7220211568264,"1-4+",11.4495861095213,1.02379431402141
"gr_mad_fill","GR","spawning","any","held_out","cw_only","1",3.49180751232176,0,0,"1-4+",11.4495861095213,0
"gr_mad_fill","GR","spawning","any","held_out","cw_only","2",49.303064971025,2,4.05654293739219,"1-4+",11.4495861095213,0.354296032938591
"gr_mad_fill","GR","spawning","any","held_out","cw_only","3",350.663311729043,13,3.70725980311424,"1-4+",11.4495861095213,0.323789852982663
"gr_mad_fill","GR","spawning","any","held_out","cw_only","4+",1555.19565947996,63,4.05093723197932,"1-4+",11.4495861095213,0.353806433981978
"gr_mad_fill","GR","spawning","any","held_out","mad_only","1",12.7571329586711,0,0,"1-4+",11.4495861095213,0
"gr_mad_fill","GR","spawning","any","held_out","mad_only","2",0.0516505175605127,0,0,"1-4+",11.4495861095213,0
"gr_mad_fill","GR","spawning","any","in_sample","core","1",1.44600023116258,1,69.1562821671201,"1-4+",23.5608978892895,2.93521420499673
"gr_mad_fill","GR","spawning","any","in_sample","core","2",15.610320626198,1,6.40601832560536,"1-4+",23.5608978892895,0.271891943834511
"gr_mad_fill","GR","spawning","any","in_sample","core","3",7.19307903892639,1,13.9022523538022,"1-4+",23.5608978892895,0.590056135344572
"gr_mad_fill","GR","spawning","any","in_sample","core","4+",765.194198025986,183,23.9154975916042,"1-4+",23.5608978892895,1.01505034757083
"gr_mad_fill","GR","spawning","any","in_sample","cw_only","1",2.89640205525878,0,0,"1-4+",23.5608978892895,0
"gr_mad_fill","GR","spawning","any","in_sample","cw_only","2",9.06618723595966,0,0,"1-4+",23.5608978892895,0
"gr_mad_fill","GR","spawning","any","in_sample","cw_only","3",38.5059882953754,0,0,"1-4+",23.5608978892895,0
"gr_mad_fill","GR","spawning","any","in_sample","cw_only","4+",143.946824872251,0,0,"1-4+",23.5608978892895,0
"gr_mad_fill","GR","spawning","any","in_sample","mad_only","1",10.9460302821246,0,0,"1-4+",23.5608978892895,0
"gr_mad_fill","GR","spawning","any","in_sample","mad_only","4+",0.0877751162827311,0,0,"1-4+",23.5608978892895,0
"gr_mad_fill","GR","spawning","rear","held_out","core","1",0.766131165406028,0,0,"1-4+",0.738682974807825,0
"gr_mad_fill","GR","spawning","rear","held_out","core","2",15.821025334102,0,0,"1-4+",0.738682974807825,0
"gr_mad_fill","GR","spawning","rear","held_out","core","3",8.58337424071414,0,0,"1-4+",0.738682974807825,0
"gr_mad_fill","GR","spawning","rear","held_out","core","4+",1057.83804977854,8,0.756259429472669,"1-4+",0.738682974807825,1.02379431402141
"gr_mad_fill","GR","spawning","rear","held_out","cw_only","1",3.49180751232176,0,0,"1-4+",0.738682974807825,0
"gr_mad_fill","GR","spawning","rear","held_out","cw_only","2",49.303064971025,0,0,"1-4+",0.738682974807825,0
"gr_mad_fill","GR","spawning","rear","held_out","cw_only","3",350.663311729043,2,0.570347662017575,"1-4+",0.738682974807825,0.772114264804812
"gr_mad_fill","GR","spawning","rear","held_out","cw_only","4+",1555.19565947996,20,1.28601181967597,"1-4+",0.738682974807825,1.74095229419704
"gr_mad_fill","GR","spawning","rear","held_out","mad_only","1",12.7571329586711,0,0,"1-4+",0.738682974807825,0
"gr_mad_fill","GR","spawning","rear","held_out","mad_only","2",0.0516505175605127,0,0,"1-4+",0.738682974807825,0
"gr_mad_fill","GR","spawning","rear","in_sample","core","1",1.44600023116258,0,0,"1-4+",12.2871349207585,0
"gr_mad_fill","GR","spawning","rear","in_sample","core","2",15.610320626198,0,0,"1-4+",12.2871349207585,0
"gr_mad_fill","GR","spawning","rear","in_sample","core","3",7.19307903892639,1,13.9022523538022,"1-4+",12.2871349207585,1.13144784715557
"gr_mad_fill","GR","spawning","rear","in_sample","core","4+",765.194198025986,96,12.545834802153,"1-4+",12.2871349207585,1.02105453248971
"gr_mad_fill","GR","spawning","rear","in_sample","cw_only","1",2.89640205525878,0,0,"1-4+",12.2871349207585,0
"gr_mad_fill","GR","spawning","rear","in_sample","cw_only","2",9.06618723595966,0,0,"1-4+",12.2871349207585,0
"gr_mad_fill","GR","spawning","rear","in_sample","cw_only","3",38.5059882953754,0,0,"1-4+",12.2871349207585,0
"gr_mad_fill","GR","spawning","rear","in_sample","cw_only","4+",143.946824872251,0,0,"1-4+",12.2871349207585,0
"gr_mad_fill","GR","spawning","rear","in_sample","mad_only","1",10.9460302821246,0,0,"1-4+",12.2871349207585,0
"gr_mad_fill","GR","spawning","rear","in_sample","mad_only","4+",0.0877751162827311,0,0,"1-4+",12.2871349207585,0
"gr_mad_fill","GR","spawning","spawn","held_out","core","1",0.766131165406028,0,0,"1-4+",0.0923353718509781,0
"gr_mad_fill","GR","spawning","spawn","held_out","core","2",15.821025334102,0,0,"1-4+",0.0923353718509781,0
"gr_mad_fill","GR","spawning","spawn","held_out","core","3",8.58337424071414,0,0,"1-4+",0.0923353718509781,0
"gr_mad_fill","GR","spawning","spawn","held_out","core","4+",1057.83804977854,1,0.0945324286840836,"1-4+",0.0923353718509781,1.02379431402141
"gr_mad_fill","GR","spawning","spawn","held_out","cw_only","1",3.49180751232176,0,0,"1-4+",0.0923353718509781,0
"gr_mad_fill","GR","spawning","spawn","held_out","cw_only","2",49.303064971025,0,0,"1-4+",0.0923353718509781,0
"gr_mad_fill","GR","spawning","spawn","held_out","cw_only","3",350.663311729043,0,0,"1-4+",0.0923353718509781,0
"gr_mad_fill","GR","spawning","spawn","held_out","cw_only","4+",1555.19565947996,0,0,"1-4+",0.0923353718509781,0
"gr_mad_fill","GR","spawning","spawn","held_out","mad_only","1",12.7571329586711,0,0,"1-4+",0.0923353718509781,0
"gr_mad_fill","GR","spawning","spawn","held_out","mad_only","2",0.0516505175605127,0,0,"1-4+",0.0923353718509781,0
"gr_mad_fill","GR","spawning","spawn","in_sample","core","1",1.44600023116258,0,0,"1-4+",0.126671494028438,0
"gr_mad_fill","GR","spawning","spawn","in_sample","core","2",15.610320626198,0,0,"1-4+",0.126671494028438,0
"gr_mad_fill","GR","spawning","spawn","in_sample","core","3",7.19307903892639,0,0,"1-4+",0.126671494028438,0
"gr_mad_fill","GR","spawning","spawn","in_sample","core","4+",765.194198025986,1,0.130685779189094,"1-4+",0.126671494028438,1.03169051720314
"gr_mad_fill","GR","spawning","spawn","in_sample","cw_only","1",2.89640205525878,0,0,"1-4+",0.126671494028438,0
"gr_mad_fill","GR","spawning","spawn","in_sample","cw_only","2",9.06618723595966,0,0,"1-4+",0.126671494028438,0
"gr_mad_fill","GR","spawning","spawn","in_sample","cw_only","3",38.5059882953754,0,0,"1-4+",0.126671494028438,0
"gr_mad_fill","GR","spawning","spawn","in_sample","cw_only","4+",143.946824872251,0,0,"1-4+",0.126671494028438,0
"gr_mad_fill","GR","spawning","spawn","in_sample","mad_only","1",10.9460302821246,0,0,"1-4+",0.126671494028438,0
"gr_mad_fill","GR","spawning","spawn","in_sample","mad_only","4+",0.0877751162827311,0,0,"1-4+",0.126671494028438,0
"ko_mad_fill","KO","rearing","any","in_sample","core","1",135.6345899843,2,1.47455011308804,"1-4+",2.92511544428188,0.504099800905479
"ko_mad_fill","KO","rearing","any","in_sample","core","2",103.969951015879,1,0.961816361582467,"1-4+",2.92511544428188,0.32881312888442
"ko_mad_fill","KO","rearing","any","in_sample","core","3",50.3787838980764,3,5.95488768857429,"1-4+",2.92511544428188,2.03577869044967
"ko_mad_fill","KO","rearing","any","in_sample","core","4+",291.190318461092,11,3.77759812143953,"1-4+",2.92511544428188,1.29143556669673
"ko_mad_fill","KO","rearing","rear","in_sample","core","1",135.6345899843,0,0,"1-4+",0,
"ko_mad_fill","KO","rearing","rear","in_sample","core","2",103.969951015879,0,0,"1-4+",0,
"ko_mad_fill","KO","rearing","rear","in_sample","core","3",50.3787838980764,0,0,"1-4+",0,
"ko_mad_fill","KO","rearing","rear","in_sample","core","4+",291.190318461092,0,0,"1-4+",0,
"ko_mad_fill","KO","rearing","spawn","in_sample","core","1",135.6345899843,1,0.73727505654402,"1-4+",1.72065614369523,0.428484830769657
"ko_mad_fill","KO","rearing","spawn","in_sample","core","2",103.969951015879,1,0.961816361582467,"1-4+",1.72065614369523,0.558982319103514
"ko_mad_fill","KO","rearing","spawn","in_sample","core","3",50.3787838980764,2,3.96992512571619,"1-4+",1.72065614369523,2.3072158491763
"ko_mad_fill","KO","rearing","spawn","in_sample","core","4+",291.190318461092,6,2.06050806623974,"1-4+",1.72065614369523,1.19751298002788
"ko_mad_fill","KO","spawning","any","in_sample","core","2",0.307795606160318,0,0,"1-4+",9.61553733532564,0
"ko_mad_fill","KO","spawning","any","in_sample","core","3",0.379299990880189,0,0,"1-4+",9.61553733532564,0
"ko_mad_fill","KO","spawning","any","in_sample","core","4+",124.110922251783,12,9.66877030826961,"1-4+",9.61553733532564,1.00553614125634
"ko_mad_fill","KO","spawning","any","in_sample","cw_only","1",1.2510933345611,0,0,"1-4+",9.61553733532564,0
"ko_mad_fill","KO","spawning","any","in_sample","cw_only","2",13.2576865179256,0,0,"1-4+",9.61553733532564,0
"ko_mad_fill","KO","spawning","any","in_sample","cw_only","3",8.20186836599727,0,0,"1-4+",9.61553733532564,0
"ko_mad_fill","KO","spawning","any","in_sample","cw_only","4+",22.634671773357,2,8.83600177650546,"1-4+",9.61553733532564,0.918929589513805
"ko_mad_fill","KO","spawning","any","in_sample","mad_only","1",1.2234180255118,0,0,"1-4+",9.61553733532564,0
"ko_mad_fill","KO","spawning","any","in_sample","mad_only","4+",0.0735922239481603,0,0,"1-4+",9.61553733532564,0
"ko_mad_fill","KO","spawning","rear","in_sample","core","2",0.307795606160318,0,0,"1-4+",0.801294777943803,0
"ko_mad_fill","KO","spawning","rear","in_sample","core","3",0.379299990880189,0,0,"1-4+",0.801294777943803,0
"ko_mad_fill","KO","spawning","rear","in_sample","core","4+",124.110922251783,1,0.805730859022468,"1-4+",0.801294777943803,1.00553614125634
"ko_mad_fill","KO","spawning","rear","in_sample","cw_only","1",1.2510933345611,0,0,"1-4+",0.801294777943803,0
"ko_mad_fill","KO","spawning","rear","in_sample","cw_only","2",13.2576865179256,0,0,"1-4+",0.801294777943803,0
"ko_mad_fill","KO","spawning","rear","in_sample","cw_only","3",8.20186836599727,0,0,"1-4+",0.801294777943803,0
"ko_mad_fill","KO","spawning","rear","in_sample","cw_only","4+",22.634671773357,0,0,"1-4+",0.801294777943803,0
"ko_mad_fill","KO","spawning","rear","in_sample","mad_only","1",1.2234180255118,0,0,"1-4+",0.801294777943803,0
"ko_mad_fill","KO","spawning","rear","in_sample","mad_only","4+",0.0735922239481603,0,0,"1-4+",0.801294777943803,0
"ko_mad_fill","KO","spawning","spawn","in_sample","core","2",0.307795606160318,0,0,"1-4+",0.801294777943803,0
"ko_mad_fill","KO","spawning","spawn","in_sample","core","3",0.379299990880189,0,0,"1-4+",0.801294777943803,0
"ko_mad_fill","KO","spawning","spawn","in_sample","core","4+",124.110922251783,1,0.805730859022468,"1-4+",0.801294777943803,1.00553614125634
"ko_mad_fill","KO","spawning","spawn","in_sample","cw_only","1",1.2510933345611,0,0,"1-4+",0.801294777943803,0
"ko_mad_fill","KO","spawning","spawn","in_sample","cw_only","2",13.2576865179256,0,0,"1-4+",0.801294777943803,0
"ko_mad_fill","KO","spawning","spawn","in_sample","cw_only","3",8.20186836599727,0,0,"1-4+",0.801294777943803,0
"ko_mad_fill","KO","spawning","spawn","in_sample","cw_only","4+",22.634671773357,0,0,"1-4+",0.801294777943803,0
"ko_mad_fill","KO","spawning","spawn","in_sample","mad_only","1",1.2234180255118,0,0,"1-4+",0.801294777943803,0
"ko_mad_fill","KO","spawning","spawn","in_sample","mad_only","4+",0.0735922239481603,0,0,"1-4+",0.801294777943803,0
"rb_mad_fill","RB","rearing","any","held_out","core","1",251.43922610596,9,3.5793937721584,"1-2",6.43150580856971,0.556540548776152
"rb_mad_fill","RB","rearing","any","held_out","core","2",992.437439501703,71,7.15410333931464,"1-2",6.43150580856971,1.11235277588992
"rb_mad_fill","RB","rearing","any","held_out","core","3",1796.48564896781,204,11.3555040151426,"3",11.3555040151426,1
"rb_mad_fill","RB","rearing","any","held_out","core","4+",4414.58482067888,830,18.801315043537,"4+",18.801315043537,1
"rb_mad_fill","RB","rearing","any","held_out","cw_only","1",37.097759516598,5,13.4779028845743,"1-2",6.43150580856971,2.09560611243103
"rb_mad_fill","RB","rearing","any","held_out","cw_only","2",469.663041866184,19,4.04545350737082,"1-2",6.43150580856971,0.629005652452404
"rb_mad_fill","RB","rearing","any","held_out","cw_only","3",203.22506314868,10,4.92065291803303,"3",11.3555040151426,0.433327566215585
"rb_mad_fill","RB","rearing","any","held_out","cw_only","4+",20.908912449676,4,19.1305980625596,"4+",18.801315043537,1.01751382912632
"rb_mad_fill","RB","rearing","any","held_out","mad_only","1",394.690184857465,13,3.29372264595197,"1-2",6.43150580856971,0.512123092785397
"rb_mad_fill","RB","rearing","any","held_out","mad_only","2",57.5780095729618,3,5.21032252113275,"1-2",6.43150580856971,0.810124825540889
"rb_mad_fill","RB","rearing","any","held_out","mad_only","3",33.9827856787083,1,2.94266635306046,"3",11.3555040151426,0.25914009181243
"rb_mad_fill","RB","rearing","any","held_out","mad_only","4+",13.8157722510944,2,14.4762085220504,"4+",18.801315043537,0.769957233764168
"rb_mad_fill","RB","rearing","any","in_sample","core","1",194.680776710112,4,2.05464559346615,"1-2",2.36819552307043,0.867599644307344
"rb_mad_fill","RB","rearing","any","in_sample","core","2",649.844086425743,16,2.46212904513802,"1-2",2.36819552307043,1.039664597434
"rb_mad_fill","RB","rearing","any","in_sample","core","3",894.931630237204,68,7.59834580681615,"3",7.59834580681615,1
"rb_mad_fill","RB","rearing","any","in_sample","core","4+",2170.71956814279,373,17.1832421596092,"4+",17.1832421596092,1
"rb_mad_fill","RB","rearing","any","in_sample","cw_only","1",17.8586040473919,4,22.3981672329209,"1-2",2.36819552307043,9.45790455843825
"rb_mad_fill","RB","rearing","any","in_sample","cw_only","2",37.9118662680519,6,15.826179480529,"1-2",2.36819552307043,6.6828010298786
"rb_mad_fill","RB","rearing","any","in_sample","cw_only","3",1.857274284309,0,0,"3",7.59834580681615,0
"rb_mad_fill","RB","rearing","any","in_sample","cw_only","4+",14.149466619429,1,7.06740421315156,"4+",17.1832421596092,0.4112963169293
"rb_mad_fill","RB","rearing","any","in_sample","mad_only","1",287.334546081673,4,1.39210549324724,"1-2",2.36819552307043,0.587833850577651
"rb_mad_fill","RB","rearing","any","in_sample","mad_only","2",136.917082683594,0,0,"1-2",2.36819552307043,0
"rb_mad_fill","RB","rearing","any","in_sample","mad_only","3",21.6749076789515,1,4.61362980092921,"3",7.59834580681615,0.607188711625959
"rb_mad_fill","RB","rearing","any","in_sample","mad_only","4+",6.0368451701696,2,33.1298872775929,"4+",17.1832421596092,1.92803470787764
"rb_mad_fill","RB","rearing","rear","held_out","core","1",251.43922610596,4,1.59084167651484,"1-2",2.81378379124925,0.565374525740853
"rb_mad_fill","RB","rearing","rear","held_out","core","2",992.437439501703,31,3.12362258477118,"1-2",2.81378379124925,1.11011464153199
"rb_mad_fill","RB","rearing","rear","held_out","core","3",1796.48564896781,95,5.28810235999286,"3",5.28810235999286,1
"rb_mad_fill","RB","rearing","rear","held_out","core","4+",4414.58482067888,282,6.3879166774427,"4+",6.3879166774427,1
"rb_mad_fill","RB","rearing","rear","held_out","cw_only","1",37.097759516598,4,10.7823223076595,"1-2",2.81378379124925,3.83196546273102
"rb_mad_fill","RB","rearing","rear","held_out","cw_only","2",469.663041866184,10,2.12918605651096,"1-2",2.81378379124925,0.75669852926605
"rb_mad_fill","RB","rearing","rear","held_out","cw_only","3",203.22506314868,5,2.46032645901651,"3",5.28810235999286,0.46525696583147
"rb_mad_fill","RB","rearing","rear","held_out","cw_only","4+",20.908912449676,1,4.7826495156399,"4+",6.3879166774427,0.748702551573442
"rb_mad_fill","RB","rearing","rear","held_out","mad_only","1",394.690184857465,2,0.506726560915687,"1-2",2.81378379124925,0.180087241419041
"rb_mad_fill","RB","rearing","rear","held_out","mad_only","2",57.5780095729618,2,3.47354834742183,"1-2",2.81378379124925,1.23447592463374
"rb_mad_fill","RB","rearing","rear","held_out","mad_only","3",33.9827856787083,1,2.94266635306046,"3",5.28810235999286,0.556469249786693
"rb_mad_fill","RB","rearing","rear","held_out","mad_only","4+",13.8157722510944,0,0,"4+",6.3879166774427,0
"rb_mad_fill","RB","rearing","rear","in_sample","core","1",194.680776710112,2,1.02732279673307,"1-2",1.77614664230282,0.578399762871563
"rb_mad_fill","RB","rearing","rear","in_sample","core","2",649.844086425743,13,2.00047984917464,"1-2",1.77614664230282,1.12630331388683
"rb_mad_fill","RB","rearing","rear","in_sample","core","3",894.931630237204,44,4.9165766985281,"3",4.9165766985281,1
"rb_mad_fill","RB","rearing","rear","in_sample","core","4+",2170.71956814279,171,7.87757214287716,"4+",7.87757214287716,1
"rb_mad_fill","RB","rearing","rear","in_sample","cw_only","1",17.8586040473919,1,5.59954180823022,"1-2",1.77614664230282,3.15263485281275
"rb_mad_fill","RB","rearing","rear","in_sample","cw_only","2",37.9118662680519,0,0,"1-2",1.77614664230282,0
"rb_mad_fill","RB","rearing","rear","in_sample","cw_only","3",1.857274284309,0,0,"3",4.9165766985281,0
"rb_mad_fill","RB","rearing","rear","in_sample","cw_only","4+",14.149466619429,0,0,"4+",7.87757214287716,0
"rb_mad_fill","RB","rearing","rear","in_sample","mad_only","1",287.334546081673,1,0.348026373311811,"1-2",1.77614664230282,0.195944616859217
"rb_mad_fill","RB","rearing","rear","in_sample","mad_only","2",136.917082683594,0,0,"1-2",1.77614664230282,0
"rb_mad_fill","RB","rearing","rear","in_sample","mad_only","3",21.6749076789515,1,4.61362980092921,"3",4.9165766985281,0.938382554331028
"rb_mad_fill","RB","rearing","rear","in_sample","mad_only","4+",6.0368451701696,0,0,"4+",7.87757214287716,0
"rb_mad_fill","RB","rearing","spawn","held_out","core","1",251.43922610596,3,1.19313125738613,"1-3",0.723597970364655,1.6488869596813
"rb_mad_fill","RB","rearing","spawn","held_out","core","2",992.437439501703,6,0.604572113181519,"1-3",0.723597970364655,0.835508304254704
"rb_mad_fill","RB","rearing","spawn","held_out","core","3",1796.48564896781,13,0.723635059788496,"1-3",0.723597970364655,1.00005125694842
"rb_mad_fill","RB","rearing","spawn","held_out","core","4+",4414.58482067888,37,0.838130911579362,"4+",0.838130911579362,1
"rb_mad_fill","RB","rearing","spawn","held_out","cw_only","1",37.097759516598,1,2.69558057691486,"1-3",0.723597970364655,3.72524618270617
"rb_mad_fill","RB","rearing","spawn","held_out","cw_only","2",469.663041866184,1,0.212918605651096,"1-3",0.723597970364655,0.294249865769795
"rb_mad_fill","RB","rearing","spawn","held_out","cw_only","3",203.22506314868,0,0,"1-3",0.723597970364655,0
"rb_mad_fill","RB","rearing","spawn","held_out","cw_only","4+",20.908912449676,0,0,"4+",0.838130911579362,0
"rb_mad_fill","RB","rearing","spawn","held_out","mad_only","1",394.690184857465,0,0,"1-3",0.723597970364655,0
"rb_mad_fill","RB","rearing","spawn","held_out","mad_only","2",57.5780095729618,1,1.73677417371092,"1-3",0.723597970364655,2.4001921575812
"rb_mad_fill","RB","rearing","spawn","held_out","mad_only","3",33.9827856787083,0,0,"1-3",0.723597970364655,0
"rb_mad_fill","RB","rearing","spawn","held_out","mad_only","4+",13.8157722510944,0,0,"4+",0.838130911579362,0
"rb_mad_fill","RB","rearing","spawn","in_sample","core","1",194.680776710112,0,0,"1-4+",0.332465847969012,0
"rb_mad_fill","RB","rearing","spawn","in_sample","core","2",649.844086425743,1,0.153883065321126,"1-4+",0.332465847969012,0.462853752531805
"rb_mad_fill","RB","rearing","spawn","in_sample","core","3",894.931630237204,1,0.111740379512002,"1-4+",0.332465847969012,0.336095813132713
"rb_mad_fill","RB","rearing","spawn","in_sample","core","4+",2170.71956814279,11,0.506744406851747,"1-4+",0.332465847969012,1.52419988382981
"rb_mad_fill","RB","rearing","spawn","in_sample","cw_only","1",17.8586040473919,0,0,"1-4+",0.332465847969012,0
"rb_mad_fill","RB","rearing","spawn","in_sample","cw_only","2",37.9118662680519,0,0,"1-4+",0.332465847969012,0
"rb_mad_fill","RB","rearing","spawn","in_sample","cw_only","3",1.857274284309,0,0,"1-4+",0.332465847969012,0
"rb_mad_fill","RB","rearing","spawn","in_sample","cw_only","4+",14.149466619429,0,0,"1-4+",0.332465847969012,0
"rb_mad_fill","RB","rearing","spawn","in_sample","mad_only","1",287.334546081673,0,0,"1-4+",0.332465847969012,0
"rb_mad_fill","RB","rearing","spawn","in_sample","mad_only","2",136.917082683594,0,0,"1-4+",0.332465847969012,0
"rb_mad_fill","RB","rearing","spawn","in_sample","mad_only","3",21.6749076789515,0,0,"1-4+",0.332465847969012,0
"rb_mad_fill","RB","rearing","spawn","in_sample","mad_only","4+",6.0368451701696,0,0,"1-4+",0.332465847969012,0
"rb_mad_fill","RB","spawning","any","held_out","core","1",32.5542425654845,1,3.07179624280445,"1-2",8.26637957331049,0.371601160527676
"rb_mad_fill","RB","spawning","any","held_out","core","2",427.139141496988,37,8.66228270964038,"1-2",8.26637957331049,1.04789317171064
"rb_mad_fill","RB","spawning","any","held_out","core","3",1082.12695448173,146,13.4919474462149,"3",13.4919474462149,1
"rb_mad_fill","RB","spawning","any","held_out","core","4+",3839.95546623121,742,19.3231407636154,"4+",19.3231407636154,1
"rb_mad_fill","RB","spawning","any","held_out","cw_only","1",7.28452671409523,1,13.7277278160714,"1-2",8.26637957331049,1.66066990927852
"rb_mad_fill","RB","spawning","any","held_out","cw_only","2",66.059938986791,2,3.02755350773168,"1-2",8.26637957331049,0.366249030894576
"rb_mad_fill","RB","spawning","any","held_out","cw_only","3",58.1511174649268,2,3.43931481833737,"3",13.4919474462149,0.254916114374746
"rb_mad_fill","RB","spawning","any","held_out","cw_only","4+",8.629294595785,1,11.5884327380416,"4+",19.3231407636154,0.59971786573444
"rb_mad_fill","RB","spawning","any","held_out","mad_only","1",501.350298222493,15,2.99192003139952,"1-2",8.26637957331049,0.361938380020617
"rb_mad_fill","RB","spawning","any","held_out","mad_only","2",330.771812024403,7,2.11626255488892,"1-2",8.26637957331049,0.256008393531995
"rb_mad_fill","RB","spawning","any","held_out","mad_only","3",82.2110875306612,5,6.0819047043201,"3",13.4919474462149,0.450780343502329
"rb_mad_fill","RB","spawning","any","held_out","mad_only","4+",18.6551492912681,2,10.7209005340747,"4+",19.3231407636154,0.554821841088157
"rb_mad_fill","RB","spawning","any","in_sample","core","1",10.6132380997561,2,18.8443901964845,"1-3",6.57252743533306,2.86714515563366
"rb_mad_fill","RB","spawning","any","in_sample","core","2",227.908784408146,5,2.19386015022828,"1-3",6.57252743533306,0.333792467481287
"rb_mad_fill","RB","spawning","any","in_sample","core","3",476.575791269703,40,8.39320853739364,"1-3",6.57252743533306,1.27701384588718
"rb_mad_fill","RB","spawning","any","in_sample","core","4+",1856.00730962025,340,18.3188933706067,"4+",18.3188933706067,1
"rb_mad_fill","RB","spawning","any","in_sample","cw_only","1",4.39591863864213,1,22.7483737121416,"1-3",6.57252743533306,3.46113027841456
"rb_mad_fill","RB","spawning","any","in_sample","cw_only","2",3.60819907622588,6,166.287942356992,"1-3",6.57252743533306,25.3004561780981
"rb_mad_fill","RB","spawning","any","in_sample","cw_only","3",0.141571624710743,0,0,"1-3",6.57252743533306,0
"rb_mad_fill","RB","spawning","any","in_sample","cw_only","4+",14.149466619429,1,7.06740421315156,"4+",18.3188933706067,0.385798643519124
"rb_mad_fill","RB","spawning","any","in_sample","mad_only","1",372.191134243131,6,1.61207493891581,"1-3",6.57252743533306,0.245274737120076
"rb_mad_fill","RB","spawning","any","in_sample","mad_only","2",340.563317652751,4,1.17452461632363,"1-3",6.57252743533306,0.178702124544895
"rb_mad_fill","RB","spawning","any","in_sample","mad_only","3",59.2247026692295,1,1.68848462707362,"1-3",6.57252743533306,0.256900354344136
"rb_mad_fill","RB","spawning","any","in_sample","mad_only","4+",5.71997223138826,2,34.96520470895,"4+",18.3188933706067,1.90869633888763
"rb_mad_fill","RB","spawning","rear","held_out","core","1",32.5542425654845,1,3.07179624280445,"1-2",4.13318978665524,0.743202321055352
"rb_mad_fill","RB","spawning","rear","held_out","core","2",427.139141496988,18,4.21408348036559,"1-2",4.13318978665524,1.01957173463738
"rb_mad_fill","RB","spawning","rear","held_out","core","3",1082.12695448173,69,6.37633132732073,"3",6.37633132732073,1
"rb_mad_fill","RB","spawning","rear","held_out","core","4+",3839.95546623121,247,6.43236626497709,"4+",6.43236626497709,1
"rb_mad_fill","RB","spawning","rear","held_out","cw_only","1",7.28452671409523,1,13.7277278160714,"1-2",4.13318978665524,3.32133981855704
"rb_mad_fill","RB","spawning","rear","held_out","cw_only","2",66.059938986791,1,1.51377675386584,"1-2",4.13318978665524,0.366249030894576
"rb_mad_fill","RB","spawning","rear","held_out","cw_only","3",58.1511174649268,0,0,"3",6.37633132732073,0
"rb_mad_fill","RB","spawning","rear","held_out","cw_only","4+",8.629294595785,0,0,"4+",6.43236626497709,0
"rb_mad_fill","RB","spawning","rear","held_out","mad_only","1",501.350298222493,3,0.598384006279904,"1-2",4.13318978665524,0.144775352008247
"rb_mad_fill","RB","spawning","rear","held_out","mad_only","2",330.771812024403,3,0.906969666380965,"1-2",4.13318978665524,0.219435765884567
"rb_mad_fill","RB","spawning","rear","held_out","mad_only","3",82.2110875306612,3,3.64914282259206,"3",6.37633132732073,0.572295044794261
"rb_mad_fill","RB","spawning","rear","held_out","mad_only","4+",18.6551492912681,0,0,"4+",6.43236626497709,0
"rb_mad_fill","RB","spawning","rear","in_sample","core","1",10.6132380997561,0,0,"1-3",4.19523027787216,0
"rb_mad_fill","RB","spawning","rear","in_sample","core","2",227.908784408146,5,2.19386015022828,"1-3",4.19523027787216,0.52294153238735
"rb_mad_fill","RB","spawning","rear","in_sample","core","3",476.575791269703,25,5.24575533587103,"1-3",4.19523027787216,1.25040939076453
"rb_mad_fill","RB","spawning","rear","in_sample","core","4+",1856.00730962025,156,8.40513931121956,"4+",8.40513931121956,1
"rb_mad_fill","RB","spawning","rear","in_sample","cw_only","1",4.39591863864213,0,0,"1-3",4.19523027787216,0
"rb_mad_fill","RB","spawning","rear","in_sample","cw_only","2",3.60819907622588,0,0,"1-3",4.19523027787216,0
"rb_mad_fill","RB","spawning","rear","in_sample","cw_only","3",0.141571624710743,0,0,"1-3",4.19523027787216,0
"rb_mad_fill","RB","spawning","rear","in_sample","cw_only","4+",14.149466619429,0,0,"4+",8.40513931121956,0
"rb_mad_fill","RB","spawning","rear","in_sample","mad_only","1",372.191134243131,3,0.806037469457903,"1-3",4.19523027787216,0.192131877410727
"rb_mad_fill","RB","spawning","rear","in_sample","mad_only","2",340.563317652751,4,1.17452461632363,"1-3",4.19523027787216,0.279966661787002
"rb_mad_fill","RB","spawning","rear","in_sample","mad_only","3",59.2247026692295,1,1.68848462707362,"1-3",4.19523027787216,0.402477221805813
"rb_mad_fill","RB","spawning","rear","in_sample","mad_only","4+",5.71997223138826,0,0,"4+",8.40513931121956,0
"rb_mad_fill","RB","spawning","spawn","held_out","core","1",32.5542425654845,0,0,"1-3",0.843159197930592,0
"rb_mad_fill","RB","spawning","spawn","held_out","core","2",427.139141496988,4,0.936462995636798,"1-3",0.843159197930592,1.11065976382065
"rb_mad_fill","RB","spawning","spawn","held_out","core","3",1082.12695448173,9,0.831695390520095,"1-3",0.843159197930592,0.986403745059494
"rb_mad_fill","RB","spawning","spawn","held_out","core","4+",3839.95546623121,33,0.859384966575886,"4+",0.859384966575886,1
"rb_mad_fill","RB","spawning","spawn","held_out","cw_only","1",7.28452671409523,1,13.7277278160714,"1-3",0.843159197930592,16.281299960629
"rb_mad_fill","RB","spawning","spawn","held_out","cw_only","2",66.059938986791,0,0,"1-3",0.843159197930592,0
"rb_mad_fill","RB","spawning","spawn","held_out","cw_only","3",58.1511174649268,0,0,"1-3",0.843159197930592,0
"rb_mad_fill","RB","spawning","spawn","held_out","cw_only","4+",8.629294595785,0,0,"4+",0.859384966575886,0
"rb_mad_fill","RB","spawning","spawn","held_out","mad_only","1",501.350298222493,1,0.199461335426635,"1-3",0.843159197930592,0.236564264395363
"rb_mad_fill","RB","spawning","spawn","held_out","mad_only","2",330.771812024403,0,0,"1-3",0.843159197930592,0
"rb_mad_fill","RB","spawning","spawn","held_out","mad_only","3",82.2110875306612,0,0,"1-3",0.843159197930592,0
"rb_mad_fill","RB","spawning","spawn","held_out","mad_only","4+",18.6551492912681,0,0,"4+",0.859384966575886,0
"rb_mad_fill","RB","spawning","spawn","in_sample","core","1",10.6132380997561,0,0,"1-4+",0.350044030409228,0
"rb_mad_fill","RB","spawning","spawn","in_sample","core","2",227.908784408146,0,0,"1-4+",0.350044030409228,0
"rb_mad_fill","RB","spawning","spawn","in_sample","core","3",476.575791269703,1,0.209830213434841,"1-4+",0.350044030409228,0.599439485339983
"rb_mad_fill","RB","spawning","spawn","in_sample","core","4+",1856.00730962025,8,0.431032785190747,"1-4+",0.350044030409228,1.23136733595153
"rb_mad_fill","RB","spawning","spawn","in_sample","cw_only","1",4.39591863864213,0,0,"1-4+",0.350044030409228,0
"rb_mad_fill","RB","spawning","spawn","in_sample","cw_only","2",3.60819907622588,0,0,"1-4+",0.350044030409228,0
"rb_mad_fill","RB","spawning","spawn","in_sample","cw_only","3",0.141571624710743,0,0,"1-4+",0.350044030409228,0
"rb_mad_fill","RB","spawning","spawn","in_sample","cw_only","4+",14.149466619429,0,0,"1-4+",0.350044030409228,0
"rb_mad_fill","RB","spawning","spawn","in_sample","mad_only","1",372.191134243131,0,0,"1-4+",0.350044030409228,0
"rb_mad_fill","RB","spawning","spawn","in_sample","mad_only","2",340.563317652751,0,0,"1-4+",0.350044030409228,0
"rb_mad_fill","RB","spawning","spawn","in_sample","mad_only","3",59.2247026692295,0,0,"1-4+",0.350044030409228,0
"rb_mad_fill","RB","spawning","spawn","in_sample","mad_only","4+",5.71997223138826,0,0,"1-4+",0.350044030409228,0
