"variant","schema","config_name","buffer_m","overlay_applied","watershed_group_code","species_code","stage","n_obs","n_unattached","n_accessible","n_inaccessible","n_spawning","n_rearing","n_rearing_any","n_habitat","share_accessible","share_spawning","share_rearing","share_rearing_any","share_habitat","n_in_uhc_spawn","n_in_uhc_rear","n_obs_outside_uhc_spawn","n_spawning_outside_uhc","n_obs_outside_uhc_rear","n_rearing_any_outside_uhc","share_spawning_outside_uhc","share_rearing_any_outside_uhc","accessible_km","spawning_km","rearing_km","n_absence","n_absence_accessible","n_absence_spawning","n_absence_rearing","n_absence_rearing_any","run_logged","model"
"default_tuned","score300_default_tuned","default_tuned",0,TRUE,"ELKR","BT","any",582,0,578,4,515,568,569,569,0.993127147766323,0.884879725085911,0.97594501718213,0.97766323024055,0.97766323024055,0,0,582,515,582,569,0.884879725085911,0.97766323024055,4325.16,1536.59,2283.52,,,,,,TRUE,"cw"
"default_tuned","score300_default_tuned","default_tuned",0,TRUE,"ELKR","BT","spawn",0,0,0,0,0,0,0,0,,,,,,0,0,0,0,0,0,,,4325.16,1536.59,2283.52,,,,,,TRUE,"cw"
"default_tuned","score300_default_tuned","default_tuned",0,TRUE,"ELKR","BT","rear",0,0,0,0,0,0,0,0,,,,,,0,0,0,0,0,0,,,4325.16,1536.59,2283.52,,,,,,TRUE,"cw"
"default_tuned","score300_default_tuned","default_tuned",0,TRUE,"ELKR","GR","any",1,0,0,1,1,1,1,1,0,1,1,1,1,0,0,1,1,1,1,1,1,,815.34,1081.79,,,,,,TRUE,"cw"
"default_tuned","score300_default_tuned","default_tuned",0,TRUE,"ELKR","GR","spawn",0,0,0,0,0,0,0,0,,,,,,0,0,0,0,0,0,,,,815.34,1081.79,,,,,,TRUE,"cw"
"default_tuned","score300_default_tuned","default_tuned",0,TRUE,"ELKR","GR","rear",0,0,0,0,0,0,0,0,,,,,,0,0,0,0,0,0,,,,815.34,1081.79,,,,,,TRUE,"cw"
"default_tuned","score300_default_tuned","default_tuned",0,TRUE,"ELKR","KO","any",0,0,0,0,0,0,0,0,,,,,,0,0,0,0,0,0,,,,,,,,,,,TRUE,"cw"
"default_tuned","score300_default_tuned","default_tuned",0,TRUE,"ELKR","KO","spawn",0,0,0,0,0,0,0,0,,,,,,0,0,0,0,0,0,,,,,,,,,,,TRUE,"cw"
"default_tuned","score300_default_tuned","default_tuned",0,TRUE,"ELKR","KO","rear",0,0,0,0,0,0,0,0,,,,,,0,0,0,0,0,0,,,,,,,,,,,TRUE,"cw"
"default_tuned","score300_default_tuned","default_tuned",0,TRUE,"ELKR","RB","any",34,0,33,1,27,33,33,33,0.970588235294118,0.794117647058823,0.970588235294118,0.970588235294118,0.970588235294118,0,0,34,27,34,33,0.794117647058823,0.970588235294118,2515.89,1356.23,1810.55,,,,,,TRUE,"cw"
"default_tuned","score300_default_tuned","default_tuned",0,TRUE,"ELKR","RB","spawn",0,0,0,0,0,0,0,0,,,,,,0,0,0,0,0,0,,,2515.89,1356.23,1810.55,,,,,,TRUE,"cw"
"default_tuned","score300_default_tuned","default_tuned",0,TRUE,"ELKR","RB","rear",11,0,11,0,9,11,11,11,1,0.818181818181818,1,1,1,0,0,11,9,11,11,0.818181818181818,1,2515.89,1356.23,1810.55,,,,,,TRUE,"cw"
"default_tuned","score300_default_tuned","default_tuned",0,TRUE,"KETL","BT","any",0,0,0,0,0,0,0,0,,,,,,0,0,0,0,0,0,,,,,,,,,,,TRUE,"cw"
"default_tuned","score300_default_tuned","default_tuned",0,TRUE,"KETL","BT","spawn",0,0,0,0,0,0,0,0,,,,,,0,0,0,0,0,0,,,,,,,,,,,TRUE,"cw"
"default_tuned","score300_default_tuned","default_tuned",0,TRUE,"KETL","BT","rear",0,0,0,0,0,0,0,0,,,,,,0,0,0,0,0,0,,,,,,,,,,,TRUE,"cw"
"default_tuned","score300_default_tuned","default_tuned",0,TRUE,"KETL","GR","any",0,0,0,0,0,0,0,0,,,,,,0,0,0,0,0,0,,,,,,,,,,,TRUE,"cw"
"default_tuned","score300_default_tuned","default_tuned",0,TRUE,"KETL","GR","spawn",0,0,0,0,0,0,0,0,,,,,,0,0,0,0,0,0,,,,,,,,,,,TRUE,"cw"
"default_tuned","score300_default_tuned","default_tuned",0,TRUE,"KETL","GR","rear",0,0,0,0,0,0,0,0,,,,,,0,0,0,0,0,0,,,,,,,,,,,TRUE,"cw"
"default_tuned","score300_default_tuned","default_tuned",0,TRUE,"KETL","KO","any",0,0,0,0,0,0,0,0,,,,,,0,0,0,0,0,0,,,,,,,,,,,TRUE,"cw"
"default_tuned","score300_default_tuned","default_tuned",0,TRUE,"KETL","KO","spawn",0,0,0,0,0,0,0,0,,,,,,0,0,0,0,0,0,,,,,,,,,,,TRUE,"cw"
"default_tuned","score300_default_tuned","default_tuned",0,TRUE,"KETL","KO","rear",0,0,0,0,0,0,0,0,,,,,,0,0,0,0,0,0,,,,,,,,,,,TRUE,"cw"
"default_tuned","score300_default_tuned","default_tuned",0,TRUE,"KETL","RB","any",456,0,393,63,222,299,316,316,0.861842105263158,0.486842105263158,0.655701754385965,0.692982456140351,0.692982456140351,0,0,456,222,456,316,0.486842105263158,0.692982456140351,5792.57,1457.09,2290.38,,,,,,TRUE,"cw"
"default_tuned","score300_default_tuned","default_tuned",0,TRUE,"KETL","RB","spawn",61,0,55,6,22,28,45,45,0.901639344262295,0.360655737704918,0.459016393442623,0.737704918032787,0.737704918032787,0,0,61,22,61,45,0.360655737704918,0.737704918032787,5792.57,1457.09,2290.38,,,,,,TRUE,"cw"
"default_tuned","score300_default_tuned","default_tuned",0,TRUE,"KETL","RB","rear",217,0,184,33,92,139,141,141,0.847926267281106,0.423963133640553,0.640552995391705,0.649769585253456,0.649769585253456,0,0,217,92,217,141,0.423963133640553,0.649769585253456,5792.57,1457.09,2290.38,,,,,,TRUE,"cw"
"default_tuned","score300_default_tuned","default_tuned",0,TRUE,"KOTL","BT","any",206,0,203,3,116,167,176,176,0.985436893203884,0.563106796116505,0.810679611650485,0.854368932038835,0.854368932038835,0,0,206,116,206,176,0.563106796116505,0.854368932038835,3619.68,1035.17,1741.85,,,,,,TRUE,"cw"
"default_tuned","score300_default_tuned","default_tuned",0,TRUE,"KOTL","BT","spawn",0,0,0,0,0,0,0,0,,,,,,0,0,0,0,0,0,,,3619.68,1035.17,1741.85,,,,,,TRUE,"cw"
"default_tuned","score300_default_tuned","default_tuned",0,TRUE,"KOTL","BT","rear",0,0,0,0,0,0,0,0,,,,,,0,0,0,0,0,0,,,3619.68,1035.17,1741.85,,,,,,TRUE,"cw"
"default_tuned","score300_default_tuned","default_tuned",0,TRUE,"KOTL","GR","any",0,0,0,0,0,0,0,0,,,,,,0,0,0,0,0,0,,,,,,,,,,,TRUE,"cw"
"default_tuned","score300_default_tuned","default_tuned",0,TRUE,"KOTL","GR","spawn",0,0,0,0,0,0,0,0,,,,,,0,0,0,0,0,0,,,,,,,,,,,TRUE,"cw"
"default_tuned","score300_default_tuned","default_tuned",0,TRUE,"KOTL","GR","rear",0,0,0,0,0,0,0,0,,,,,,0,0,0,0,0,0,,,,,,,,,,,TRUE,"cw"
"default_tuned","score300_default_tuned","default_tuned",0,TRUE,"KOTL","KO","any",87,0,79,8,14,17,17,31,0.908045977011494,0.160919540229885,0.195402298850575,0.195402298850575,0.35632183908046,0,0,87,14,87,17,0.160919540229885,0.195402298850575,1994.3,166.31,568.63,,,,,,TRUE,"cw"
"default_tuned","score300_default_tuned","default_tuned",0,TRUE,"KOTL","KO","spawn",47,0,41,6,1,10,10,11,0.872340425531915,0.0212765957446809,0.212765957446809,0.212765957446809,0.234042553191489,0,0,47,1,47,10,0.0212765957446809,0.212765957446809,1994.3,166.31,568.63,,,,,,TRUE,"cw"
"default_tuned","score300_default_tuned","default_tuned",0,TRUE,"KOTL","KO","rear",4,0,3,1,1,0,0,1,0.75,0.25,0,0,0.25,0,0,4,1,4,0,0.25,0,1994.3,166.31,568.63,,,,,,TRUE,"cw"
"default_tuned","score300_default_tuned","default_tuned",0,TRUE,"KOTL","RB","any",415,0,345,70,189,235,250,250,0.831325301204819,0.455421686746988,0.566265060240964,0.602409638554217,0.602409638554217,0,0,415,189,415,250,0.455421686746988,0.602409638554217,3614.72,1034.51,1512.56,,,,,,TRUE,"cw"
"default_tuned","score300_default_tuned","default_tuned",0,TRUE,"KOTL","RB","spawn",18,0,18,0,8,12,14,14,1,0.444444444444444,0.666666666666667,0.777777777777778,0.777777777777778,0,0,18,8,18,14,0.444444444444444,0.777777777777778,3614.72,1034.51,1512.56,,,,,,TRUE,"cw"
"default_tuned","score300_default_tuned","default_tuned",0,TRUE,"KOTL","RB","rear",196,0,147,49,69,89,89,89,0.75,0.352040816326531,0.454081632653061,0.454081632653061,0.454081632653061,0,0,196,69,196,89,0.352040816326531,0.454081632653061,3614.72,1034.51,1512.56,,,,,,TRUE,"cw"
"default_tuned","score300_default_tuned","default_tuned",0,TRUE,"KOTR","BT","any",184,0,183,1,138,167,167,167,0.994565217391304,0.75,0.907608695652174,0.907608695652174,0.907608695652174,0,0,184,138,184,167,0.75,0.907608695652174,2551.21,899.57,1421.63,,,,,,TRUE,"cw"
"default_tuned","score300_default_tuned","default_tuned",0,TRUE,"KOTR","BT","spawn",0,0,0,0,0,0,0,0,,,,,,0,0,0,0,0,0,,,2551.21,899.57,1421.63,,,,,,TRUE,"cw"
"default_tuned","score300_default_tuned","default_tuned",0,TRUE,"KOTR","BT","rear",0,0,0,0,0,0,0,0,,,,,,0,0,0,0,0,0,,,2551.21,899.57,1421.63,,,,,,TRUE,"cw"
"default_tuned","score300_default_tuned","default_tuned",0,TRUE,"KOTR","GR","any",0,0,0,0,0,0,0,0,,,,,,0,0,0,0,0,0,,,,,,,,,,,TRUE,"cw"
"default_tuned","score300_default_tuned","default_tuned",0,TRUE,"KOTR","GR","spawn",0,0,0,0,0,0,0,0,,,,,,0,0,0,0,0,0,,,,,,,,,,,TRUE,"cw"
"default_tuned","score300_default_tuned","default_tuned",0,TRUE,"KOTR","GR","rear",0,0,0,0,0,0,0,0,,,,,,0,0,0,0,0,0,,,,,,,,,,,TRUE,"cw"
"default_tuned","score300_default_tuned","default_tuned",0,TRUE,"KOTR","KO","any",0,0,0,0,0,0,0,0,,,,,,0,0,0,0,0,0,,,,,,,,,,,TRUE,"cw"
"default_tuned","score300_default_tuned","default_tuned",0,TRUE,"KOTR","KO","spawn",0,0,0,0,0,0,0,0,,,,,,0,0,0,0,0,0,,,,,,,,,,,TRUE,"cw"
"default_tuned","score300_default_tuned","default_tuned",0,TRUE,"KOTR","KO","rear",0,0,0,0,0,0,0,0,,,,,,0,0,0,0,0,0,,,,,,,,,,,TRUE,"cw"
"default_tuned","score300_default_tuned","default_tuned",0,TRUE,"KOTR","RB","any",43,0,28,15,16,22,23,23,0.651162790697674,0.372093023255814,0.511627906976744,0.534883720930233,0.534883720930233,0,0,43,16,43,23,0.372093023255814,0.534883720930233,1281.96,481.48,642.23,,,,,,TRUE,"cw"
"default_tuned","score300_default_tuned","default_tuned",0,TRUE,"KOTR","RB","spawn",1,0,0,1,0,0,0,0,0,0,0,0,0,0,0,1,0,1,0,0,0,1281.96,481.48,642.23,,,,,,TRUE,"cw"
"default_tuned","score300_default_tuned","default_tuned",0,TRUE,"KOTR","RB","rear",9,0,7,2,4,6,6,6,0.777777777777778,0.444444444444444,0.666666666666667,0.666666666666667,0.666666666666667,0,0,9,4,9,6,0.444444444444444,0.666666666666667,1281.96,481.48,642.23,,,,,,TRUE,"cw"
"default_tuned","score300_default_tuned","default_tuned",0,TRUE,"LHAF","BT","any",121,0,121,0,109,116,116,116,1,0.900826446280992,0.958677685950413,0.958677685950413,0.958677685950413,0,0,121,109,121,116,0.900826446280992,0.958677685950413,7612.75,1880.08,2792.13,,,,,,TRUE,"cw"
"default_tuned","score300_default_tuned","default_tuned",0,TRUE,"LHAF","BT","spawn",0,0,0,0,0,0,0,0,,,,,,0,0,0,0,0,0,,,7612.75,1880.08,2792.13,,,,,,TRUE,"cw"
"default_tuned","score300_default_tuned","default_tuned",0,TRUE,"LHAF","BT","rear",0,0,0,0,0,0,0,0,,,,,,0,0,0,0,0,0,,,7612.75,1880.08,2792.13,,,,,,TRUE,"cw"
"default_tuned","score300_default_tuned","default_tuned",0,TRUE,"LHAF","GR","any",109,0,109,0,88,95,95,95,1,0.807339449541284,0.871559633027523,0.871559633027523,0.871559633027523,0,0,109,88,109,95,0.807339449541284,0.871559633027523,4917.66,987.49,1498.49,,,,,,TRUE,"cw"
"default_tuned","score300_default_tuned","default_tuned",0,TRUE,"LHAF","GR","spawn",0,0,0,0,0,0,0,0,,,,,,0,0,0,0,0,0,,,4917.66,987.49,1498.49,,,,,,TRUE,"cw"
"default_tuned","score300_default_tuned","default_tuned",0,TRUE,"LHAF","GR","rear",12,0,12,0,5,10,10,10,1,0.416666666666667,0.833333333333333,0.833333333333333,0.833333333333333,0,0,12,5,12,10,0.416666666666667,0.833333333333333,4917.66,987.49,1498.49,,,,,,TRUE,"cw"
"default_tuned","score300_default_tuned","default_tuned",0,TRUE,"LHAF","KO","any",0,0,0,0,0,0,0,0,,,,,,0,0,0,0,0,0,,,,,,,,,,,TRUE,"cw"
"default_tuned","score300_default_tuned","default_tuned",0,TRUE,"LHAF","KO","spawn",0,0,0,0,0,0,0,0,,,,,,0,0,0,0,0,0,,,,,,,,,,,TRUE,"cw"
"default_tuned","score300_default_tuned","default_tuned",0,TRUE,"LHAF","KO","rear",0,0,0,0,0,0,0,0,,,,,,0,0,0,0,0,0,,,,,,,,,,,TRUE,"cw"
"default_tuned","score300_default_tuned","default_tuned",0,TRUE,"LHAF","RB","any",110,0,109,1,95,106,106,106,0.990909090909091,0.863636363636364,0.963636363636364,0.963636363636364,0.963636363636364,0,0,110,95,110,106,0.863636363636364,0.963636363636364,6222.66,1585.64,2264.61,,,,,,TRUE,"cw"
"default_tuned","score300_default_tuned","default_tuned",0,TRUE,"LHAF","RB","spawn",0,0,0,0,0,0,0,0,,,,,,0,0,0,0,0,0,,,6222.66,1585.64,2264.61,,,,,,TRUE,"cw"
"default_tuned","score300_default_tuned","default_tuned",0,TRUE,"LHAF","RB","rear",28,0,27,1,26,27,27,27,0.964285714285714,0.928571428571429,0.964285714285714,0.964285714285714,0.964285714285714,0,0,28,26,28,27,0.928571428571429,0.964285714285714,6222.66,1585.64,2264.61,,,,,,TRUE,"cw"
"default_tuned","score300_default_tuned","default_tuned",0,TRUE,"MURR","BT","any",263,0,260,3,239,253,255,255,0.988593155893536,0.908745247148289,0.961977186311787,0.96958174904943,0.96958174904943,0,0,263,239,263,255,0.908745247148289,0.96958174904943,6111.15,1676.2,2516.35,,,,,,TRUE,"cw"
"default_tuned","score300_default_tuned","default_tuned",0,TRUE,"MURR","BT","spawn",3,0,3,0,3,3,3,3,1,1,1,1,1,0,0,3,3,3,3,1,1,6111.15,1676.2,2516.35,,,,,,TRUE,"cw"
"default_tuned","score300_default_tuned","default_tuned",0,TRUE,"MURR","BT","rear",1,0,1,0,1,1,1,1,1,1,1,1,1,0,0,1,1,1,1,1,1,6111.15,1676.2,2516.35,,,,,,TRUE,"cw"
"default_tuned","score300_default_tuned","default_tuned",0,TRUE,"MURR","GR","any",95,0,92,3,80,83,83,83,0.968421052631579,0.842105263157895,0.873684210526316,0.873684210526316,0.873684210526316,0,0,95,80,95,83,0.842105263157895,0.873684210526316,3299.8,799.5,1119.17,,,,,,TRUE,"cw"
"default_tuned","score300_default_tuned","default_tuned",0,TRUE,"MURR","GR","spawn",2,0,2,0,1,1,1,1,1,0.5,0.5,0.5,0.5,0,0,2,1,2,1,0.5,0.5,3299.8,799.5,1119.17,,,,,,TRUE,"cw"
"default_tuned","score300_default_tuned","default_tuned",0,TRUE,"MURR","GR","rear",12,0,12,0,12,12,12,12,1,1,1,1,1,0,0,12,12,12,12,1,1,3299.8,799.5,1119.17,,,,,,TRUE,"cw"
"default_tuned","score300_default_tuned","default_tuned",0,TRUE,"MURR","KO","any",0,0,0,0,0,0,0,0,,,,,,0,0,0,0,0,0,,,,,,,,,,,TRUE,"cw"
"default_tuned","score300_default_tuned","default_tuned",0,TRUE,"MURR","KO","spawn",0,0,0,0,0,0,0,0,,,,,,0,0,0,0,0,0,,,,,,,,,,,TRUE,"cw"
"default_tuned","score300_default_tuned","default_tuned",0,TRUE,"MURR","KO","rear",0,0,0,0,0,0,0,0,,,,,,0,0,0,0,0,0,,,,,,,,,,,TRUE,"cw"
"default_tuned","score300_default_tuned","default_tuned",0,TRUE,"MURR","RB","any",27,0,22,5,20,20,20,20,0.814814814814815,0.740740740740741,0.740740740740741,0.740740740740741,0.740740740740741,0,0,27,20,27,20,0.740740740740741,0.740740740740741,5164.06,1419.88,2062.96,,,,,,TRUE,"cw"
"default_tuned","score300_default_tuned","default_tuned",0,TRUE,"MURR","RB","spawn",0,0,0,0,0,0,0,0,,,,,,0,0,0,0,0,0,,,5164.06,1419.88,2062.96,,,,,,TRUE,"cw"
"default_tuned","score300_default_tuned","default_tuned",0,TRUE,"MURR","RB","rear",15,0,12,3,12,12,12,12,0.8,0.8,0.8,0.8,0.8,0,0,15,12,15,12,0.8,0.8,5164.06,1419.88,2062.96,,,,,,TRUE,"cw"
"default_tuned","score300_default_tuned","default_tuned",0,TRUE,"OKAN","BT","any",0,0,0,0,0,0,0,0,,,,,,0,0,0,0,0,0,,,4853.09,1059.25,1715.29,,,,,,TRUE,"cw"
"default_tuned","score300_default_tuned","default_tuned",0,TRUE,"OKAN","BT","spawn",0,0,0,0,0,0,0,0,,,,,,0,0,0,0,0,0,,,4853.09,1059.25,1715.29,,,,,,TRUE,"cw"
"default_tuned","score300_default_tuned","default_tuned",0,TRUE,"OKAN","BT","rear",0,0,0,0,0,0,0,0,,,,,,0,0,0,0,0,0,,,4853.09,1059.25,1715.29,,,,,,TRUE,"cw"
"default_tuned","score300_default_tuned","default_tuned",0,TRUE,"OKAN","GR","any",0,0,0,0,0,0,0,0,,,,,,0,0,0,0,0,0,,,,,,,,,,,TRUE,"cw"
"default_tuned","score300_default_tuned","default_tuned",0,TRUE,"OKAN","GR","spawn",0,0,0,0,0,0,0,0,,,,,,0,0,0,0,0,0,,,,,,,,,,,TRUE,"cw"
"default_tuned","score300_default_tuned","default_tuned",0,TRUE,"OKAN","GR","rear",0,0,0,0,0,0,0,0,,,,,,0,0,0,0,0,0,,,,,,,,,,,TRUE,"cw"
"default_tuned","score300_default_tuned","default_tuned",0,TRUE,"OKAN","KO","any",0,0,0,0,0,0,0,0,,,,,,0,0,0,0,0,0,,,,,,,,,,,TRUE,"cw"
"default_tuned","score300_default_tuned","default_tuned",0,TRUE,"OKAN","KO","spawn",0,0,0,0,0,0,0,0,,,,,,0,0,0,0,0,0,,,,,,,,,,,TRUE,"cw"
"default_tuned","score300_default_tuned","default_tuned",0,TRUE,"OKAN","KO","rear",0,0,0,0,0,0,0,0,,,,,,0,0,0,0,0,0,,,,,,,,,,,TRUE,"cw"
"default_tuned","score300_default_tuned","default_tuned",0,TRUE,"OKAN","RB","any",626,0,489,137,318,388,403,403,0.781150159744409,0.507987220447284,0.619808306709265,0.643769968051118,0.643769968051118,0,0,626,318,626,403,0.507987220447284,0.643769968051118,4718.82,1025.68,1566.54,,,,,,TRUE,"cw"
"default_tuned","score300_default_tuned","default_tuned",0,TRUE,"OKAN","RB","spawn",67,0,29,38,15,21,24,24,0.432835820895522,0.223880597014925,0.313432835820896,0.358208955223881,0.358208955223881,0,0,67,15,67,24,0.223880597014925,0.358208955223881,4718.82,1025.68,1566.54,,,,,,TRUE,"cw"
"default_tuned","score300_default_tuned","default_tuned",0,TRUE,"OKAN","RB","rear",216,0,190,26,145,166,166,166,0.87962962962963,0.671296296296296,0.768518518518518,0.768518518518518,0.768518518518518,0,0,216,145,216,166,0.671296296296296,0.768518518518518,4718.82,1025.68,1566.54,,,,,,TRUE,"cw"
"default_tuned","score300_default_tuned","default_tuned",0,TRUE,"PARS","BT","any",281,0,281,0,231,266,266,266,1,0.822064056939502,0.94661921708185,0.94661921708185,0.94661921708185,0,0,281,231,281,266,0.822064056939502,0.94661921708185,6883.03,1685.37,2775.14,,,,,,TRUE,"cw"
"default_tuned","score300_default_tuned","default_tuned",0,TRUE,"PARS","BT","spawn",0,0,0,0,0,0,0,0,,,,,,0,0,0,0,0,0,,,6883.03,1685.37,2775.14,,,,,,TRUE,"cw"
"default_tuned","score300_default_tuned","default_tuned",0,TRUE,"PARS","BT","rear",0,0,0,0,0,0,0,0,,,,,,0,0,0,0,0,0,,,6883.03,1685.37,2775.14,,,,,,TRUE,"cw"
"default_tuned","score300_default_tuned","default_tuned",0,TRUE,"PARS","GR","any",196,0,191,5,186,190,190,190,0.974489795918367,0.948979591836735,0.969387755102041,0.969387755102041,0.969387755102041,0,0,196,186,196,190,0.948979591836735,0.969387755102041,4442.31,983.86,1366.27,,,,,,TRUE,"cw"
"default_tuned","score300_default_tuned","default_tuned",0,TRUE,"PARS","GR","spawn",1,0,1,0,1,1,1,1,1,1,1,1,1,0,0,1,1,1,1,1,1,4442.31,983.86,1366.27,,,,,,TRUE,"cw"
"default_tuned","score300_default_tuned","default_tuned",0,TRUE,"PARS","GR","rear",99,0,97,2,97,97,97,97,0.97979797979798,0.97979797979798,0.97979797979798,0.97979797979798,0.97979797979798,0,0,99,97,99,97,0.97979797979798,0.97979797979798,4442.31,983.86,1366.27,,,,,,TRUE,"cw"
"default_tuned","score300_default_tuned","default_tuned",0,TRUE,"PARS","KO","any",3,0,0,3,0,0,0,0,0,0,0,0,0,0,0,3,0,3,0,0,0,,3.83,12.54,,,,,,TRUE,"cw"
"default_tuned","score300_default_tuned","default_tuned",0,TRUE,"PARS","KO","spawn",0,0,0,0,0,0,0,0,,,,,,0,0,0,0,0,0,,,,3.83,12.54,,,,,,TRUE,"cw"
"default_tuned","score300_default_tuned","default_tuned",0,TRUE,"PARS","KO","rear",1,0,0,1,0,0,0,0,0,0,0,0,0,0,0,1,0,1,0,0,0,,3.83,12.54,,,,,,TRUE,"cw"
"default_tuned","score300_default_tuned","default_tuned",0,TRUE,"PARS","RB","any",282,0,0,282,206,237,237,237,0,0.730496453900709,0.840425531914894,0.840425531914894,0.840425531914894,0,0,282,206,282,237,0.730496453900709,0.840425531914894,,1558.89,2469.39,,,,,,TRUE,"cw"
"default_tuned","score300_default_tuned","default_tuned",0,TRUE,"PARS","RB","spawn",1,0,0,1,1,1,1,1,0,1,1,1,1,0,0,1,1,1,1,1,1,,1558.89,2469.39,,,,,,TRUE,"cw"
"default_tuned","score300_default_tuned","default_tuned",0,TRUE,"PARS","RB","rear",178,0,0,178,117,142,142,142,0,0.657303370786517,0.797752808988764,0.797752808988764,0.797752808988764,0,0,178,117,178,142,0.657303370786517,0.797752808988764,,1558.89,2469.39,,,,,,TRUE,"cw"
"default_tuned","score300_default_tuned","default_tuned",0,TRUE,"REVL","BT","any",308,0,300,8,196,247,259,259,0.974025974025974,0.636363636363636,0.801948051948052,0.840909090909091,0.840909090909091,0,0,308,196,308,259,0.636363636363636,0.840909090909091,1133.38,412.05,592.75,,,,,,TRUE,"cw"
"default_tuned","score300_default_tuned","default_tuned",0,TRUE,"REVL","BT","spawn",0,0,0,0,0,0,0,0,,,,,,0,0,0,0,0,0,,,1133.38,412.05,592.75,,,,,,TRUE,"cw"
"default_tuned","score300_default_tuned","default_tuned",0,TRUE,"REVL","BT","rear",0,0,0,0,0,0,0,0,,,,,,0,0,0,0,0,0,,,1133.38,412.05,592.75,,,,,,TRUE,"cw"
"default_tuned","score300_default_tuned","default_tuned",0,TRUE,"REVL","GR","any",0,0,0,0,0,0,0,0,,,,,,0,0,0,0,0,0,,,,,,,,,,,TRUE,"cw"
"default_tuned","score300_default_tuned","default_tuned",0,TRUE,"REVL","GR","spawn",0,0,0,0,0,0,0,0,,,,,,0,0,0,0,0,0,,,,,,,,,,,TRUE,"cw"
"default_tuned","score300_default_tuned","default_tuned",0,TRUE,"REVL","GR","rear",0,0,0,0,0,0,0,0,,,,,,0,0,0,0,0,0,,,,,,,,,,,TRUE,"cw"
"default_tuned","score300_default_tuned","default_tuned",0,TRUE,"REVL","KO","any",0,0,0,0,0,0,0,0,,,,,,0,0,0,0,0,0,,,,,,,,,,,TRUE,"cw"
"default_tuned","score300_default_tuned","default_tuned",0,TRUE,"REVL","KO","spawn",0,0,0,0,0,0,0,0,,,,,,0,0,0,0,0,0,,,,,,,,,,,TRUE,"cw"
"default_tuned","score300_default_tuned","default_tuned",0,TRUE,"REVL","KO","rear",0,0,0,0,0,0,0,0,,,,,,0,0,0,0,0,0,,,,,,,,,,,TRUE,"cw"
"default_tuned","score300_default_tuned","default_tuned",0,TRUE,"REVL","RB","any",218,0,90,128,81,82,82,82,0.412844036697248,0.371559633027523,0.376146788990826,0.376146788990826,0.376146788990826,0,0,218,81,218,82,0.371559633027523,0.376146788990826,19.66,13.04,13.17,,,,,,TRUE,"cw"
"default_tuned","score300_default_tuned","default_tuned",0,TRUE,"REVL","RB","spawn",2,0,0,2,0,0,0,0,0,0,0,0,0,0,0,2,0,2,0,0,0,19.66,13.04,13.17,,,,,,TRUE,"cw"
"default_tuned","score300_default_tuned","default_tuned",0,TRUE,"REVL","RB","rear",56,0,23,33,20,21,21,21,0.410714285714286,0.357142857142857,0.375,0.375,0.375,0,0,56,20,56,21,0.357142857142857,0.375,19.66,13.04,13.17,,,,,,TRUE,"cw"
"default_tuned","score300_default_tuned","default_tuned",0,TRUE,"SIML","BT","any",1,0,1,0,0,0,0,0,1,0,0,0,0,0,0,1,0,1,0,0,0,4625.72,1188.38,2020.49,,,,,,TRUE,"cw"
"default_tuned","score300_default_tuned","default_tuned",0,TRUE,"SIML","BT","spawn",0,0,0,0,0,0,0,0,,,,,,0,0,0,0,0,0,,,4625.72,1188.38,2020.49,,,,,,TRUE,"cw"
"default_tuned","score300_default_tuned","default_tuned",0,TRUE,"SIML","BT","rear",0,0,0,0,0,0,0,0,,,,,,0,0,0,0,0,0,,,4625.72,1188.38,2020.49,,,,,,TRUE,"cw"
"default_tuned","score300_default_tuned","default_tuned",0,TRUE,"SIML","GR","any",0,0,0,0,0,0,0,0,,,,,,0,0,0,0,0,0,,,,,,,,,,,TRUE,"cw"
"default_tuned","score300_default_tuned","default_tuned",0,TRUE,"SIML","GR","spawn",0,0,0,0,0,0,0,0,,,,,,0,0,0,0,0,0,,,,,,,,,,,TRUE,"cw"
"default_tuned","score300_default_tuned","default_tuned",0,TRUE,"SIML","GR","rear",0,0,0,0,0,0,0,0,,,,,,0,0,0,0,0,0,,,,,,,,,,,TRUE,"cw"
"default_tuned","score300_default_tuned","default_tuned",0,TRUE,"SIML","KO","any",0,0,0,0,0,0,0,0,,,,,,0,0,0,0,0,0,,,,,,,,,,,TRUE,"cw"
"default_tuned","score300_default_tuned","default_tuned",0,TRUE,"SIML","KO","spawn",0,0,0,0,0,0,0,0,,,,,,0,0,0,0,0,0,,,,,,,,,,,TRUE,"cw"
"default_tuned","score300_default_tuned","default_tuned",0,TRUE,"SIML","KO","rear",0,0,0,0,0,0,0,0,,,,,,0,0,0,0,0,0,,,,,,,,,,,TRUE,"cw"
"default_tuned","score300_default_tuned","default_tuned",0,TRUE,"SIML","RB","any",514,0,407,107,268,328,340,340,0.791828793774319,0.521400778210117,0.638132295719844,0.66147859922179,0.66147859922179,0,0,514,268,514,340,0.521400778210117,0.66147859922179,4621.52,1188.38,1862.98,,,,,,TRUE,"cw"
"default_tuned","score300_default_tuned","default_tuned",0,TRUE,"SIML","RB","spawn",44,0,24,20,10,12,17,17,0.545454545454545,0.227272727272727,0.272727272727273,0.386363636363636,0.386363636363636,0,0,44,10,44,17,0.227272727272727,0.386363636363636,4621.52,1188.38,1862.98,,,,,,TRUE,"cw"
"default_tuned","score300_default_tuned","default_tuned",0,TRUE,"SIML","RB","rear",161,0,115,46,67,89,90,90,0.714285714285714,0.416149068322981,0.552795031055901,0.559006211180124,0.559006211180124,0,0,161,67,161,90,0.416149068322981,0.559006211180124,4621.52,1188.38,1862.98,,,,,,TRUE,"cw"
"default_tuned","score300_default_tuned","default_tuned",0,TRUE,"UARL","BT","any",242,0,240,2,117,182,184,184,0.991735537190083,0.483471074380165,0.752066115702479,0.760330578512397,0.760330578512397,0,0,242,117,242,184,0.483471074380165,0.760330578512397,1913.74,529.54,845.52,,,,,,TRUE,"cw"
"default_tuned","score300_default_tuned","default_tuned",0,TRUE,"UARL","BT","spawn",0,0,0,0,0,0,0,0,,,,,,0,0,0,0,0,0,,,1913.74,529.54,845.52,,,,,,TRUE,"cw"
"default_tuned","score300_default_tuned","default_tuned",0,TRUE,"UARL","BT","rear",0,0,0,0,0,0,0,0,,,,,,0,0,0,0,0,0,,,1913.74,529.54,845.52,,,,,,TRUE,"cw"
"default_tuned","score300_default_tuned","default_tuned",0,TRUE,"UARL","GR","any",0,0,0,0,0,0,0,0,,,,,,0,0,0,0,0,0,,,,,,,,,,,TRUE,"cw"
"default_tuned","score300_default_tuned","default_tuned",0,TRUE,"UARL","GR","spawn",0,0,0,0,0,0,0,0,,,,,,0,0,0,0,0,0,,,,,,,,,,,TRUE,"cw"
"default_tuned","score300_default_tuned","default_tuned",0,TRUE,"UARL","GR","rear",0,0,0,0,0,0,0,0,,,,,,0,0,0,0,0,0,,,,,,,,,,,TRUE,"cw"
"default_tuned","score300_default_tuned","default_tuned",0,TRUE,"UARL","KO","any",0,0,0,0,0,0,0,0,,,,,,0,0,0,0,0,0,,,,,,,,,,,TRUE,"cw"
"default_tuned","score300_default_tuned","default_tuned",0,TRUE,"UARL","KO","spawn",0,0,0,0,0,0,0,0,,,,,,0,0,0,0,0,0,,,,,,,,,,,TRUE,"cw"
"default_tuned","score300_default_tuned","default_tuned",0,TRUE,"UARL","KO","rear",0,0,0,0,0,0,0,0,,,,,,0,0,0,0,0,0,,,,,,,,,,,TRUE,"cw"
"default_tuned","score300_default_tuned","default_tuned",0,TRUE,"UARL","RB","any",397,0,288,109,147,194,200,200,0.72544080604534,0.370277078085642,0.488664987405542,0.503778337531486,0.503778337531486,0,0,397,147,397,200,0.370277078085642,0.503778337531486,1718.13,465.13,655.75,,,,,,TRUE,"cw"
"default_tuned","score300_default_tuned","default_tuned",0,TRUE,"UARL","RB","spawn",13,0,8,5,5,6,6,6,0.615384615384615,0.384615384615385,0.461538461538462,0.461538461538462,0.461538461538462,0,0,13,5,13,6,0.384615384615385,0.461538461538462,1718.13,465.13,655.75,,,,,,TRUE,"cw"
"default_tuned","score300_default_tuned","default_tuned",0,TRUE,"UARL","RB","rear",227,0,158,69,77,104,106,106,0.696035242290749,0.33920704845815,0.458149779735683,0.466960352422908,0.466960352422908,0,0,227,77,227,106,0.33920704845815,0.466960352422908,1718.13,465.13,655.75,,,,,,TRUE,"cw"
"default_tuned","score300_default_tuned","default_tuned",0,TRUE,"UBTN","BT","any",1,0,1,0,1,1,1,1,1,1,1,1,1,0,0,1,1,1,1,1,1,8292.29,2049.2,3074.02,,,,,,TRUE,"cw"
"default_tuned","score300_default_tuned","default_tuned",0,TRUE,"UBTN","BT","spawn",0,0,0,0,0,0,0,0,,,,,,0,0,0,0,0,0,,,8292.29,2049.2,3074.02,,,,,,TRUE,"cw"
"default_tuned","score300_default_tuned","default_tuned",0,TRUE,"UBTN","BT","rear",0,0,0,0,0,0,0,0,,,,,,0,0,0,0,0,0,,,8292.29,2049.2,3074.02,,,,,,TRUE,"cw"
"default_tuned","score300_default_tuned","default_tuned",0,TRUE,"UBTN","GR","any",57,0,55,2,34,47,47,47,0.964912280701754,0.596491228070175,0.824561403508772,0.824561403508772,0.824561403508772,0,0,57,34,57,47,0.596491228070175,0.824561403508772,7388.85,1254.66,2087.06,,,,,,TRUE,"cw"
"default_tuned","score300_default_tuned","default_tuned",0,TRUE,"UBTN","GR","spawn",0,0,0,0,0,0,0,0,,,,,,0,0,0,0,0,0,,,7388.85,1254.66,2087.06,,,,,,TRUE,"cw"
"default_tuned","score300_default_tuned","default_tuned",0,TRUE,"UBTN","GR","rear",27,0,25,2,13,20,20,20,0.925925925925926,0.481481481481481,0.740740740740741,0.740740740740741,0.740740740740741,0,0,27,13,27,20,0.481481481481481,0.740740740740741,7388.85,1254.66,2087.06,,,,,,TRUE,"cw"
"default_tuned","score300_default_tuned","default_tuned",0,TRUE,"UBTN","KO","any",0,0,0,0,0,0,0,0,,,,,,0,0,0,0,0,0,,,,,,,,,,,TRUE,"cw"
"default_tuned","score300_default_tuned","default_tuned",0,TRUE,"UBTN","KO","spawn",0,0,0,0,0,0,0,0,,,,,,0,0,0,0,0,0,,,,,,,,,,,TRUE,"cw"
"default_tuned","score300_default_tuned","default_tuned",0,TRUE,"UBTN","KO","rear",0,0,0,0,0,0,0,0,,,,,,0,0,0,0,0,0,,,,,,,,,,,TRUE,"cw"
"default_tuned","score300_default_tuned","default_tuned",0,TRUE,"UBTN","RB","any",0,0,0,0,0,0,0,0,,,,,,0,0,0,0,0,0,,,8292.29,2049.2,3223.93,,,,,,TRUE,"cw"
"default_tuned","score300_default_tuned","default_tuned",0,TRUE,"UBTN","RB","spawn",0,0,0,0,0,0,0,0,,,,,,0,0,0,0,0,0,,,8292.29,2049.2,3223.93,,,,,,TRUE,"cw"
"default_tuned","score300_default_tuned","default_tuned",0,TRUE,"UBTN","RB","rear",0,0,0,0,0,0,0,0,,,,,,0,0,0,0,0,0,,,8292.29,2049.2,3223.93,,,,,,TRUE,"cw"
"default_tuned","score300_default_tuned","default_tuned",100,TRUE,"ELKR","BT","any",582,0,578,4,526,569,570,570,0.993127147766323,0.903780068728522,0.97766323024055,0.979381443298969,0.979381443298969,0,0,582,526,582,570,0.903780068728522,0.979381443298969,4325.16,1536.59,2283.52,,,,,,TRUE,"cw"
"default_tuned","score300_default_tuned","default_tuned",100,TRUE,"ELKR","BT","spawn",0,0,0,0,0,0,0,0,,,,,,0,0,0,0,0,0,,,4325.16,1536.59,2283.52,,,,,,TRUE,"cw"
"default_tuned","score300_default_tuned","default_tuned",100,TRUE,"ELKR","BT","rear",0,0,0,0,0,0,0,0,,,,,,0,0,0,0,0,0,,,4325.16,1536.59,2283.52,,,,,,TRUE,"cw"
"default_tuned","score300_default_tuned","default_tuned",100,TRUE,"ELKR","GR","any",1,0,0,1,1,1,1,1,0,1,1,1,1,0,0,1,1,1,1,1,1,,815.34,1081.79,,,,,,TRUE,"cw"
"default_tuned","score300_default_tuned","default_tuned",100,TRUE,"ELKR","GR","spawn",0,0,0,0,0,0,0,0,,,,,,0,0,0,0,0,0,,,,815.34,1081.79,,,,,,TRUE,"cw"
"default_tuned","score300_default_tuned","default_tuned",100,TRUE,"ELKR","GR","rear",0,0,0,0,0,0,0,0,,,,,,0,0,0,0,0,0,,,,815.34,1081.79,,,,,,TRUE,"cw"
"default_tuned","score300_default_tuned","default_tuned",100,TRUE,"ELKR","KO","any",0,0,0,0,0,0,0,0,,,,,,0,0,0,0,0,0,,,,,,,,,,,TRUE,"cw"
"default_tuned","score300_default_tuned","default_tuned",100,TRUE,"ELKR","KO","spawn",0,0,0,0,0,0,0,0,,,,,,0,0,0,0,0,0,,,,,,,,,,,TRUE,"cw"
"default_tuned","score300_default_tuned","default_tuned",100,TRUE,"ELKR","KO","rear",0,0,0,0,0,0,0,0,,,,,,0,0,0,0,0,0,,,,,,,,,,,TRUE,"cw"
"default_tuned","score300_default_tuned","default_tuned",100,TRUE,"ELKR","RB","any",34,0,33,1,29,33,33,33,0.970588235294118,0.852941176470588,0.970588235294118,0.970588235294118,0.970588235294118,0,0,34,29,34,33,0.852941176470588,0.970588235294118,2515.89,1356.23,1810.55,,,,,,TRUE,"cw"
"default_tuned","score300_default_tuned","default_tuned",100,TRUE,"ELKR","RB","spawn",0,0,0,0,0,0,0,0,,,,,,0,0,0,0,0,0,,,2515.89,1356.23,1810.55,,,,,,TRUE,"cw"
"default_tuned","score300_default_tuned","default_tuned",100,TRUE,"ELKR","RB","rear",11,0,11,0,9,11,11,11,1,0.818181818181818,1,1,1,0,0,11,9,11,11,0.818181818181818,1,2515.89,1356.23,1810.55,,,,,,TRUE,"cw"
"default_tuned","score300_default_tuned","default_tuned",100,TRUE,"KETL","BT","any",0,0,0,0,0,0,0,0,,,,,,0,0,0,0,0,0,,,,,,,,,,,TRUE,"cw"
"default_tuned","score300_default_tuned","default_tuned",100,TRUE,"KETL","BT","spawn",0,0,0,0,0,0,0,0,,,,,,0,0,0,0,0,0,,,,,,,,,,,TRUE,"cw"
"default_tuned","score300_default_tuned","default_tuned",100,TRUE,"KETL","BT","rear",0,0,0,0,0,0,0,0,,,,,,0,0,0,0,0,0,,,,,,,,,,,TRUE,"cw"
"default_tuned","score300_default_tuned","default_tuned",100,TRUE,"KETL","GR","any",0,0,0,0,0,0,0,0,,,,,,0,0,0,0,0,0,,,,,,,,,,,TRUE,"cw"
"default_tuned","score300_default_tuned","default_tuned",100,TRUE,"KETL","GR","spawn",0,0,0,0,0,0,0,0,,,,,,0,0,0,0,0,0,,,,,,,,,,,TRUE,"cw"
"default_tuned","score300_default_tuned","default_tuned",100,TRUE,"KETL","GR","rear",0,0,0,0,0,0,0,0,,,,,,0,0,0,0,0,0,,,,,,,,,,,TRUE,"cw"
"default_tuned","score300_default_tuned","default_tuned",100,TRUE,"KETL","KO","any",0,0,0,0,0,0,0,0,,,,,,0,0,0,0,0,0,,,,,,,,,,,TRUE,"cw"
"default_tuned","score300_default_tuned","default_tuned",100,TRUE,"KETL","KO","spawn",0,0,0,0,0,0,0,0,,,,,,0,0,0,0,0,0,,,,,,,,,,,TRUE,"cw"
"default_tuned","score300_default_tuned","default_tuned",100,TRUE,"KETL","KO","rear",0,0,0,0,0,0,0,0,,,,,,0,0,0,0,0,0,,,,,,,,,,,TRUE,"cw"
"default_tuned","score300_default_tuned","default_tuned",100,TRUE,"KETL","RB","any",456,0,393,63,232,320,332,332,0.861842105263158,0.508771929824561,0.701754385964912,0.728070175438597,0.728070175438597,0,0,456,232,456,332,0.508771929824561,0.728070175438597,5792.57,1457.09,2290.38,,,,,,TRUE,"cw"
"default_tuned","score300_default_tuned","default_tuned",100,TRUE,"KETL","RB","spawn",61,0,55,6,22,34,46,46,0.901639344262295,0.360655737704918,0.557377049180328,0.754098360655738,0.754098360655738,0,0,61,22,61,46,0.360655737704918,0.754098360655738,5792.57,1457.09,2290.38,,,,,,TRUE,"cw"
"default_tuned","score300_default_tuned","default_tuned",100,TRUE,"KETL","RB","rear",217,0,184,33,97,147,149,149,0.847926267281106,0.447004608294931,0.67741935483871,0.686635944700461,0.686635944700461,0,0,217,97,217,149,0.447004608294931,0.686635944700461,5792.57,1457.09,2290.38,,,,,,TRUE,"cw"
"default_tuned","score300_default_tuned","default_tuned",100,TRUE,"KOTL","BT","any",206,0,203,3,127,171,176,176,0.985436893203884,0.616504854368932,0.830097087378641,0.854368932038835,0.854368932038835,0,0,206,127,206,176,0.616504854368932,0.854368932038835,3619.68,1035.17,1741.85,,,,,,TRUE,"cw"
"default_tuned","score300_default_tuned","default_tuned",100,TRUE,"KOTL","BT","spawn",0,0,0,0,0,0,0,0,,,,,,0,0,0,0,0,0,,,3619.68,1035.17,1741.85,,,,,,TRUE,"cw"
"default_tuned","score300_default_tuned","default_tuned",100,TRUE,"KOTL","BT","rear",0,0,0,0,0,0,0,0,,,,,,0,0,0,0,0,0,,,3619.68,1035.17,1741.85,,,,,,TRUE,"cw"
"default_tuned","score300_default_tuned","default_tuned",100,TRUE,"KOTL","GR","any",0,0,0,0,0,0,0,0,,,,,,0,0,0,0,0,0,,,,,,,,,,,TRUE,"cw"
"default_tuned","score300_default_tuned","default_tuned",100,TRUE,"KOTL","GR","spawn",0,0,0,0,0,0,0,0,,,,,,0,0,0,0,0,0,,,,,,,,,,,TRUE,"cw"
"default_tuned","score300_default_tuned","default_tuned",100,TRUE,"KOTL","GR","rear",0,0,0,0,0,0,0,0,,,,,,0,0,0,0,0,0,,,,,,,,,,,TRUE,"cw"
"default_tuned","score300_default_tuned","default_tuned",100,TRUE,"KOTL","KO","any",87,0,79,8,16,17,17,31,0.908045977011494,0.183908045977011,0.195402298850575,0.195402298850575,0.35632183908046,0,0,87,16,87,17,0.183908045977011,0.195402298850575,1994.3,166.31,568.63,,,,,,TRUE,"cw"
"default_tuned","score300_default_tuned","default_tuned",100,TRUE,"KOTL","KO","spawn",47,0,41,6,3,10,10,11,0.872340425531915,0.0638297872340425,0.212765957446809,0.212765957446809,0.234042553191489,0,0,47,3,47,10,0.0638297872340425,0.212765957446809,1994.3,166.31,568.63,,,,,,TRUE,"cw"
"default_tuned","score300_default_tuned","default_tuned",100,TRUE,"KOTL","KO","rear",4,0,3,1,1,0,0,1,0.75,0.25,0,0,0.25,0,0,4,1,4,0,0.25,0,1994.3,166.31,568.63,,,,,,TRUE,"cw"
"default_tuned","score300_default_tuned","default_tuned",100,TRUE,"KOTL","RB","any",415,0,345,70,213,255,264,264,0.831325301204819,0.513253012048193,0.614457831325301,0.636144578313253,0.636144578313253,0,0,415,213,415,264,0.513253012048193,0.636144578313253,3614.72,1034.51,1512.56,,,,,,TRUE,"cw"
"default_tuned","score300_default_tuned","default_tuned",100,TRUE,"KOTL","RB","spawn",18,0,18,0,11,14,15,15,1,0.611111111111111,0.777777777777778,0.833333333333333,0.833333333333333,0,0,18,11,18,15,0.611111111111111,0.833333333333333,3614.72,1034.51,1512.56,,,,,,TRUE,"cw"
"default_tuned","score300_default_tuned","default_tuned",100,TRUE,"KOTL","RB","rear",196,0,147,49,73,94,94,94,0.75,0.372448979591837,0.479591836734694,0.479591836734694,0.479591836734694,0,0,196,73,196,94,0.372448979591837,0.479591836734694,3614.72,1034.51,1512.56,,,,,,TRUE,"cw"
"default_tuned","score300_default_tuned","default_tuned",100,TRUE,"KOTR","BT","any",184,0,183,1,142,168,168,168,0.994565217391304,0.771739130434783,0.91304347826087,0.91304347826087,0.91304347826087,0,0,184,142,184,168,0.771739130434783,0.91304347826087,2551.21,899.57,1421.63,,,,,,TRUE,"cw"
"default_tuned","score300_default_tuned","default_tuned",100,TRUE,"KOTR","BT","spawn",0,0,0,0,0,0,0,0,,,,,,0,0,0,0,0,0,,,2551.21,899.57,1421.63,,,,,,TRUE,"cw"
"default_tuned","score300_default_tuned","default_tuned",100,TRUE,"KOTR","BT","rear",0,0,0,0,0,0,0,0,,,,,,0,0,0,0,0,0,,,2551.21,899.57,1421.63,,,,,,TRUE,"cw"
"default_tuned","score300_default_tuned","default_tuned",100,TRUE,"KOTR","GR","any",0,0,0,0,0,0,0,0,,,,,,0,0,0,0,0,0,,,,,,,,,,,TRUE,"cw"
"default_tuned","score300_default_tuned","default_tuned",100,TRUE,"KOTR","GR","spawn",0,0,0,0,0,0,0,0,,,,,,0,0,0,0,0,0,,,,,,,,,,,TRUE,"cw"
"default_tuned","score300_default_tuned","default_tuned",100,TRUE,"KOTR","GR","rear",0,0,0,0,0,0,0,0,,,,,,0,0,0,0,0,0,,,,,,,,,,,TRUE,"cw"
"default_tuned","score300_default_tuned","default_tuned",100,TRUE,"KOTR","KO","any",0,0,0,0,0,0,0,0,,,,,,0,0,0,0,0,0,,,,,,,,,,,TRUE,"cw"
"default_tuned","score300_default_tuned","default_tuned",100,TRUE,"KOTR","KO","spawn",0,0,0,0,0,0,0,0,,,,,,0,0,0,0,0,0,,,,,,,,,,,TRUE,"cw"
"default_tuned","score300_default_tuned","default_tuned",100,TRUE,"KOTR","KO","rear",0,0,0,0,0,0,0,0,,,,,,0,0,0,0,0,0,,,,,,,,,,,TRUE,"cw"
"default_tuned","score300_default_tuned","default_tuned",100,TRUE,"KOTR","RB","any",43,0,28,15,17,23,24,24,0.651162790697674,0.395348837209302,0.534883720930233,0.558139534883721,0.558139534883721,0,0,43,17,43,24,0.395348837209302,0.558139534883721,1281.96,481.48,642.23,,,,,,TRUE,"cw"
"default_tuned","score300_default_tuned","default_tuned",100,TRUE,"KOTR","RB","spawn",1,0,0,1,0,0,0,0,0,0,0,0,0,0,0,1,0,1,0,0,0,1281.96,481.48,642.23,,,,,,TRUE,"cw"
"default_tuned","score300_default_tuned","default_tuned",100,TRUE,"KOTR","RB","rear",9,0,7,2,4,6,6,6,0.777777777777778,0.444444444444444,0.666666666666667,0.666666666666667,0.666666666666667,0,0,9,4,9,6,0.444444444444444,0.666666666666667,1281.96,481.48,642.23,,,,,,TRUE,"cw"
"default_tuned","score300_default_tuned","default_tuned",100,TRUE,"LHAF","BT","any",121,0,121,0,109,116,116,116,1,0.900826446280992,0.958677685950413,0.958677685950413,0.958677685950413,0,0,121,109,121,116,0.900826446280992,0.958677685950413,7612.75,1880.08,2792.13,,,,,,TRUE,"cw"
"default_tuned","score300_default_tuned","default_tuned",100,TRUE,"LHAF","BT","spawn",0,0,0,0,0,0,0,0,,,,,,0,0,0,0,0,0,,,7612.75,1880.08,2792.13,,,,,,TRUE,"cw"
"default_tuned","score300_default_tuned","default_tuned",100,TRUE,"LHAF","BT","rear",0,0,0,0,0,0,0,0,,,,,,0,0,0,0,0,0,,,7612.75,1880.08,2792.13,,,,,,TRUE,"cw"
"default_tuned","score300_default_tuned","default_tuned",100,TRUE,"LHAF","GR","any",109,0,109,0,92,98,98,98,1,0.844036697247706,0.89908256880734,0.89908256880734,0.89908256880734,0,0,109,92,109,98,0.844036697247706,0.89908256880734,4917.66,987.49,1498.49,,,,,,TRUE,"cw"
"default_tuned","score300_default_tuned","default_tuned",100,TRUE,"LHAF","GR","spawn",0,0,0,0,0,0,0,0,,,,,,0,0,0,0,0,0,,,4917.66,987.49,1498.49,,,,,,TRUE,"cw"
"default_tuned","score300_default_tuned","default_tuned",100,TRUE,"LHAF","GR","rear",12,0,12,0,6,11,11,11,1,0.5,0.916666666666667,0.916666666666667,0.916666666666667,0,0,12,6,12,11,0.5,0.916666666666667,4917.66,987.49,1498.49,,,,,,TRUE,"cw"
"default_tuned","score300_default_tuned","default_tuned",100,TRUE,"LHAF","KO","any",0,0,0,0,0,0,0,0,,,,,,0,0,0,0,0,0,,,,,,,,,,,TRUE,"cw"
"default_tuned","score300_default_tuned","default_tuned",100,TRUE,"LHAF","KO","spawn",0,0,0,0,0,0,0,0,,,,,,0,0,0,0,0,0,,,,,,,,,,,TRUE,"cw"
"default_tuned","score300_default_tuned","default_tuned",100,TRUE,"LHAF","KO","rear",0,0,0,0,0,0,0,0,,,,,,0,0,0,0,0,0,,,,,,,,,,,TRUE,"cw"
"default_tuned","score300_default_tuned","default_tuned",100,TRUE,"LHAF","RB","any",110,0,109,1,96,106,106,106,0.990909090909091,0.872727272727273,0.963636363636364,0.963636363636364,0.963636363636364,0,0,110,96,110,106,0.872727272727273,0.963636363636364,6222.66,1585.64,2264.61,,,,,,TRUE,"cw"
"default_tuned","score300_default_tuned","default_tuned",100,TRUE,"LHAF","RB","spawn",0,0,0,0,0,0,0,0,,,,,,0,0,0,0,0,0,,,6222.66,1585.64,2264.61,,,,,,TRUE,"cw"
"default_tuned","score300_default_tuned","default_tuned",100,TRUE,"LHAF","RB","rear",28,0,27,1,27,27,27,27,0.964285714285714,0.964285714285714,0.964285714285714,0.964285714285714,0.964285714285714,0,0,28,27,28,27,0.964285714285714,0.964285714285714,6222.66,1585.64,2264.61,,,,,,TRUE,"cw"
"default_tuned","score300_default_tuned","default_tuned",100,TRUE,"MURR","BT","any",263,0,260,3,244,253,255,255,0.988593155893536,0.927756653992395,0.961977186311787,0.96958174904943,0.96958174904943,0,0,263,244,263,255,0.927756653992395,0.96958174904943,6111.15,1676.2,2516.35,,,,,,TRUE,"cw"
"default_tuned","score300_default_tuned","default_tuned",100,TRUE,"MURR","BT","spawn",3,0,3,0,3,3,3,3,1,1,1,1,1,0,0,3,3,3,3,1,1,6111.15,1676.2,2516.35,,,,,,TRUE,"cw"
"default_tuned","score300_default_tuned","default_tuned",100,TRUE,"MURR","BT","rear",1,0,1,0,1,1,1,1,1,1,1,1,1,0,0,1,1,1,1,1,1,6111.15,1676.2,2516.35,,,,,,TRUE,"cw"
"default_tuned","score300_default_tuned","default_tuned",100,TRUE,"MURR","GR","any",95,0,92,3,82,84,84,84,0.968421052631579,0.863157894736842,0.88421052631579,0.88421052631579,0.88421052631579,0,0,95,82,95,84,0.863157894736842,0.88421052631579,3299.8,799.5,1119.17,,,,,,TRUE,"cw"
"default_tuned","score300_default_tuned","default_tuned",100,TRUE,"MURR","GR","spawn",2,0,2,0,1,1,1,1,1,0.5,0.5,0.5,0.5,0,0,2,1,2,1,0.5,0.5,3299.8,799.5,1119.17,,,,,,TRUE,"cw"
"default_tuned","score300_default_tuned","default_tuned",100,TRUE,"MURR","GR","rear",12,0,12,0,12,12,12,12,1,1,1,1,1,0,0,12,12,12,12,1,1,3299.8,799.5,1119.17,,,,,,TRUE,"cw"
"default_tuned","score300_default_tuned","default_tuned",100,TRUE,"MURR","KO","any",0,0,0,0,0,0,0,0,,,,,,0,0,0,0,0,0,,,,,,,,,,,TRUE,"cw"
"default_tuned","score300_default_tuned","default_tuned",100,TRUE,"MURR","KO","spawn",0,0,0,0,0,0,0,0,,,,,,0,0,0,0,0,0,,,,,,,,,,,TRUE,"cw"
"default_tuned","score300_default_tuned","default_tuned",100,TRUE,"MURR","KO","rear",0,0,0,0,0,0,0,0,,,,,,0,0,0,0,0,0,,,,,,,,,,,TRUE,"cw"
"default_tuned","score300_default_tuned","default_tuned",100,TRUE,"MURR","RB","any",27,0,22,5,20,20,20,20,0.814814814814815,0.740740740740741,0.740740740740741,0.740740740740741,0.740740740740741,0,0,27,20,27,20,0.740740740740741,0.740740740740741,5164.06,1419.88,2062.96,,,,,,TRUE,"cw"
"default_tuned","score300_default_tuned","default_tuned",100,TRUE,"MURR","RB","spawn",0,0,0,0,0,0,0,0,,,,,,0,0,0,0,0,0,,,5164.06,1419.88,2062.96,,,,,,TRUE,"cw"
"default_tuned","score300_default_tuned","default_tuned",100,TRUE,"MURR","RB","rear",15,0,12,3,12,12,12,12,0.8,0.8,0.8,0.8,0.8,0,0,15,12,15,12,0.8,0.8,5164.06,1419.88,2062.96,,,,,,TRUE,"cw"
"default_tuned","score300_default_tuned","default_tuned",100,TRUE,"OKAN","BT","any",0,0,0,0,0,0,0,0,,,,,,0,0,0,0,0,0,,,4853.09,1059.25,1715.29,,,,,,TRUE,"cw"
"default_tuned","score300_default_tuned","default_tuned",100,TRUE,"OKAN","BT","spawn",0,0,0,0,0,0,0,0,,,,,,0,0,0,0,0,0,,,4853.09,1059.25,1715.29,,,,,,TRUE,"cw"
"default_tuned","score300_default_tuned","default_tuned",100,TRUE,"OKAN","BT","rear",0,0,0,0,0,0,0,0,,,,,,0,0,0,0,0,0,,,4853.09,1059.25,1715.29,,,,,,TRUE,"cw"
"default_tuned","score300_default_tuned","default_tuned",100,TRUE,"OKAN","GR","any",0,0,0,0,0,0,0,0,,,,,,0,0,0,0,0,0,,,,,,,,,,,TRUE,"cw"
"default_tuned","score300_default_tuned","default_tuned",100,TRUE,"OKAN","GR","spawn",0,0,0,0,0,0,0,0,,,,,,0,0,0,0,0,0,,,,,,,,,,,TRUE,"cw"
"default_tuned","score300_default_tuned","default_tuned",100,TRUE,"OKAN","GR","rear",0,0,0,0,0,0,0,0,,,,,,0,0,0,0,0,0,,,,,,,,,,,TRUE,"cw"
"default_tuned","score300_default_tuned","default_tuned",100,TRUE,"OKAN","KO","any",0,0,0,0,0,0,0,0,,,,,,0,0,0,0,0,0,,,,,,,,,,,TRUE,"cw"
"default_tuned","score300_default_tuned","default_tuned",100,TRUE,"OKAN","KO","spawn",0,0,0,0,0,0,0,0,,,,,,0,0,0,0,0,0,,,,,,,,,,,TRUE,"cw"
"default_tuned","score300_default_tuned","default_tuned",100,TRUE,"OKAN","KO","rear",0,0,0,0,0,0,0,0,,,,,,0,0,0,0,0,0,,,,,,,,,,,TRUE,"cw"
"default_tuned","score300_default_tuned","default_tuned",100,TRUE,"OKAN","RB","any",626,0,489,137,337,404,414,414,0.781150159744409,0.538338658146965,0.645367412140575,0.661341853035144,0.661341853035144,0,0,626,337,626,414,0.538338658146965,0.661341853035144,4718.82,1025.68,1566.54,,,,,,TRUE,"cw"
"default_tuned","score300_default_tuned","default_tuned",100,TRUE,"OKAN","RB","spawn",67,0,29,38,17,23,25,25,0.432835820895522,0.253731343283582,0.343283582089552,0.373134328358209,0.373134328358209,0,0,67,17,67,25,0.253731343283582,0.373134328358209,4718.82,1025.68,1566.54,,,,,,TRUE,"cw"
"default_tuned","score300_default_tuned","default_tuned",100,TRUE,"OKAN","RB","rear",216,0,190,26,151,169,169,169,0.87962962962963,0.699074074074074,0.782407407407407,0.782407407407407,0.782407407407407,0,0,216,151,216,169,0.699074074074074,0.782407407407407,4718.82,1025.68,1566.54,,,,,,TRUE,"cw"
"default_tuned","score300_default_tuned","default_tuned",100,TRUE,"PARS","BT","any",281,0,281,0,233,267,267,267,1,0.829181494661922,0.95017793594306,0.95017793594306,0.95017793594306,0,0,281,233,281,267,0.829181494661922,0.95017793594306,6883.03,1685.37,2775.14,,,,,,TRUE,"cw"
"default_tuned","score300_default_tuned","default_tuned",100,TRUE,"PARS","BT","spawn",0,0,0,0,0,0,0,0,,,,,,0,0,0,0,0,0,,,6883.03,1685.37,2775.14,,,,,,TRUE,"cw"
"default_tuned","score300_default_tuned","default_tuned",100,TRUE,"PARS","BT","rear",0,0,0,0,0,0,0,0,,,,,,0,0,0,0,0,0,,,6883.03,1685.37,2775.14,,,,,,TRUE,"cw"
"default_tuned","score300_default_tuned","default_tuned",100,TRUE,"PARS","GR","any",196,0,191,5,187,190,190,190,0.974489795918367,0.954081632653061,0.969387755102041,0.969387755102041,0.969387755102041,0,0,196,187,196,190,0.954081632653061,0.969387755102041,4442.31,983.86,1366.27,,,,,,TRUE,"cw"
"default_tuned","score300_default_tuned","default_tuned",100,TRUE,"PARS","GR","spawn",1,0,1,0,1,1,1,1,1,1,1,1,1,0,0,1,1,1,1,1,1,4442.31,983.86,1366.27,,,,,,TRUE,"cw"
"default_tuned","score300_default_tuned","default_tuned",100,TRUE,"PARS","GR","rear",99,0,97,2,97,97,97,97,0.97979797979798,0.97979797979798,0.97979797979798,0.97979797979798,0.97979797979798,0,0,99,97,99,97,0.97979797979798,0.97979797979798,4442.31,983.86,1366.27,,,,,,TRUE,"cw"
"default_tuned","score300_default_tuned","default_tuned",100,TRUE,"PARS","KO","any",3,0,0,3,0,0,0,0,0,0,0,0,0,0,0,3,0,3,0,0,0,,3.83,12.54,,,,,,TRUE,"cw"
"default_tuned","score300_default_tuned","default_tuned",100,TRUE,"PARS","KO","spawn",0,0,0,0,0,0,0,0,,,,,,0,0,0,0,0,0,,,,3.83,12.54,,,,,,TRUE,"cw"
"default_tuned","score300_default_tuned","default_tuned",100,TRUE,"PARS","KO","rear",1,0,0,1,0,0,0,0,0,0,0,0,0,0,0,1,0,1,0,0,0,,3.83,12.54,,,,,,TRUE,"cw"
"default_tuned","score300_default_tuned","default_tuned",100,TRUE,"PARS","RB","any",282,0,0,282,208,237,237,237,0,0.73758865248227,0.840425531914894,0.840425531914894,0.840425531914894,0,0,282,208,282,237,0.73758865248227,0.840425531914894,,1558.89,2469.39,,,,,,TRUE,"cw"
"default_tuned","score300_default_tuned","default_tuned",100,TRUE,"PARS","RB","spawn",1,0,0,1,1,1,1,1,0,1,1,1,1,0,0,1,1,1,1,1,1,,1558.89,2469.39,,,,,,TRUE,"cw"
"default_tuned","score300_default_tuned","default_tuned",100,TRUE,"PARS","RB","rear",178,0,0,178,119,142,142,142,0,0.668539325842697,0.797752808988764,0.797752808988764,0.797752808988764,0,0,178,119,178,142,0.668539325842697,0.797752808988764,,1558.89,2469.39,,,,,,TRUE,"cw"
"default_tuned","score300_default_tuned","default_tuned",100,TRUE,"REVL","BT","any",308,0,300,8,200,249,260,260,0.974025974025974,0.649350649350649,0.808441558441558,0.844155844155844,0.844155844155844,0,0,308,200,308,260,0.649350649350649,0.844155844155844,1133.38,412.05,592.75,,,,,,TRUE,"cw"
"default_tuned","score300_default_tuned","default_tuned",100,TRUE,"REVL","BT","spawn",0,0,0,0,0,0,0,0,,,,,,0,0,0,0,0,0,,,1133.38,412.05,592.75,,,,,,TRUE,"cw"
"default_tuned","score300_default_tuned","default_tuned",100,TRUE,"REVL","BT","rear",0,0,0,0,0,0,0,0,,,,,,0,0,0,0,0,0,,,1133.38,412.05,592.75,,,,,,TRUE,"cw"
"default_tuned","score300_default_tuned","default_tuned",100,TRUE,"REVL","GR","any",0,0,0,0,0,0,0,0,,,,,,0,0,0,0,0,0,,,,,,,,,,,TRUE,"cw"
"default_tuned","score300_default_tuned","default_tuned",100,TRUE,"REVL","GR","spawn",0,0,0,0,0,0,0,0,,,,,,0,0,0,0,0,0,,,,,,,,,,,TRUE,"cw"
"default_tuned","score300_default_tuned","default_tuned",100,TRUE,"REVL","GR","rear",0,0,0,0,0,0,0,0,,,,,,0,0,0,0,0,0,,,,,,,,,,,TRUE,"cw"
"default_tuned","score300_default_tuned","default_tuned",100,TRUE,"REVL","KO","any",0,0,0,0,0,0,0,0,,,,,,0,0,0,0,0,0,,,,,,,,,,,TRUE,"cw"
"default_tuned","score300_default_tuned","default_tuned",100,TRUE,"REVL","KO","spawn",0,0,0,0,0,0,0,0,,,,,,0,0,0,0,0,0,,,,,,,,,,,TRUE,"cw"
"default_tuned","score300_default_tuned","default_tuned",100,TRUE,"REVL","KO","rear",0,0,0,0,0,0,0,0,,,,,,0,0,0,0,0,0,,,,,,,,,,,TRUE,"cw"
"default_tuned","score300_default_tuned","default_tuned",100,TRUE,"REVL","RB","any",218,0,90,128,82,82,82,82,0.412844036697248,0.376146788990826,0.376146788990826,0.376146788990826,0.376146788990826,0,0,218,82,218,82,0.376146788990826,0.376146788990826,19.66,13.04,13.17,,,,,,TRUE,"cw"
"default_tuned","score300_default_tuned","default_tuned",100,TRUE,"REVL","RB","spawn",2,0,0,2,0,0,0,0,0,0,0,0,0,0,0,2,0,2,0,0,0,19.66,13.04,13.17,,,,,,TRUE,"cw"
"default_tuned","score300_default_tuned","default_tuned",100,TRUE,"REVL","RB","rear",56,0,23,33,21,21,21,21,0.410714285714286,0.375,0.375,0.375,0.375,0,0,56,21,56,21,0.375,0.375,19.66,13.04,13.17,,,,,,TRUE,"cw"
"default_tuned","score300_default_tuned","default_tuned",100,TRUE,"SIML","BT","any",1,0,1,0,0,0,0,0,1,0,0,0,0,0,0,1,0,1,0,0,0,4625.72,1188.38,2020.49,,,,,,TRUE,"cw"
"default_tuned","score300_default_tuned","default_tuned",100,TRUE,"SIML","BT","spawn",0,0,0,0,0,0,0,0,,,,,,0,0,0,0,0,0,,,4625.72,1188.38,2020.49,,,,,,TRUE,"cw"
"default_tuned","score300_default_tuned","default_tuned",100,TRUE,"SIML","BT","rear",0,0,0,0,0,0,0,0,,,,,,0,0,0,0,0,0,,,4625.72,1188.38,2020.49,,,,,,TRUE,"cw"
"default_tuned","score300_default_tuned","default_tuned",100,TRUE,"SIML","GR","any",0,0,0,0,0,0,0,0,,,,,,0,0,0,0,0,0,,,,,,,,,,,TRUE,"cw"
"default_tuned","score300_default_tuned","default_tuned",100,TRUE,"SIML","GR","spawn",0,0,0,0,0,0,0,0,,,,,,0,0,0,0,0,0,,,,,,,,,,,TRUE,"cw"
"default_tuned","score300_default_tuned","default_tuned",100,TRUE,"SIML","GR","rear",0,0,0,0,0,0,0,0,,,,,,0,0,0,0,0,0,,,,,,,,,,,TRUE,"cw"
"default_tuned","score300_default_tuned","default_tuned",100,TRUE,"SIML","KO","any",0,0,0,0,0,0,0,0,,,,,,0,0,0,0,0,0,,,,,,,,,,,TRUE,"cw"
"default_tuned","score300_default_tuned","default_tuned",100,TRUE,"SIML","KO","spawn",0,0,0,0,0,0,0,0,,,,,,0,0,0,0,0,0,,,,,,,,,,,TRUE,"cw"
"default_tuned","score300_default_tuned","default_tuned",100,TRUE,"SIML","KO","rear",0,0,0,0,0,0,0,0,,,,,,0,0,0,0,0,0,,,,,,,,,,,TRUE,"cw"
"default_tuned","score300_default_tuned","default_tuned",100,TRUE,"SIML","RB","any",514,0,407,107,286,342,352,352,0.791828793774319,0.556420233463035,0.665369649805447,0.684824902723735,0.684824902723735,0,0,514,286,514,352,0.556420233463035,0.684824902723735,4621.52,1188.38,1862.98,,,,,,TRUE,"cw"
"default_tuned","score300_default_tuned","default_tuned",100,TRUE,"SIML","RB","spawn",44,0,24,20,12,15,18,18,0.545454545454545,0.272727272727273,0.340909090909091,0.409090909090909,0.409090909090909,0,0,44,12,44,18,0.272727272727273,0.409090909090909,4621.52,1188.38,1862.98,,,,,,TRUE,"cw"
"default_tuned","score300_default_tuned","default_tuned",100,TRUE,"SIML","RB","rear",161,0,115,46,74,93,93,93,0.714285714285714,0.459627329192547,0.577639751552795,0.577639751552795,0.577639751552795,0,0,161,74,161,93,0.459627329192547,0.577639751552795,4621.52,1188.38,1862.98,,,,,,TRUE,"cw"
"default_tuned","score300_default_tuned","default_tuned",100,TRUE,"UARL","BT","any",242,0,240,2,123,190,190,190,0.991735537190083,0.508264462809917,0.785123966942149,0.785123966942149,0.785123966942149,0,0,242,123,242,190,0.508264462809917,0.785123966942149,1913.74,529.54,845.52,,,,,,TRUE,"cw"
"default_tuned","score300_default_tuned","default_tuned",100,TRUE,"UARL","BT","spawn",0,0,0,0,0,0,0,0,,,,,,0,0,0,0,0,0,,,1913.74,529.54,845.52,,,,,,TRUE,"cw"
"default_tuned","score300_default_tuned","default_tuned",100,TRUE,"UARL","BT","rear",0,0,0,0,0,0,0,0,,,,,,0,0,0,0,0,0,,,1913.74,529.54,845.52,,,,,,TRUE,"cw"
"default_tuned","score300_default_tuned","default_tuned",100,TRUE,"UARL","GR","any",0,0,0,0,0,0,0,0,,,,,,0,0,0,0,0,0,,,,,,,,,,,TRUE,"cw"
"default_tuned","score300_default_tuned","default_tuned",100,TRUE,"UARL","GR","spawn",0,0,0,0,0,0,0,0,,,,,,0,0,0,0,0,0,,,,,,,,,,,TRUE,"cw"
"default_tuned","score300_default_tuned","default_tuned",100,TRUE,"UARL","GR","rear",0,0,0,0,0,0,0,0,,,,,,0,0,0,0,0,0,,,,,,,,,,,TRUE,"cw"
"default_tuned","score300_default_tuned","default_tuned",100,TRUE,"UARL","KO","any",0,0,0,0,0,0,0,0,,,,,,0,0,0,0,0,0,,,,,,,,,,,TRUE,"cw"
"default_tuned","score300_default_tuned","default_tuned",100,TRUE,"UARL","KO","spawn",0,0,0,0,0,0,0,0,,,,,,0,0,0,0,0,0,,,,,,,,,,,TRUE,"cw"
"default_tuned","score300_default_tuned","default_tuned",100,TRUE,"UARL","KO","rear",0,0,0,0,0,0,0,0,,,,,,0,0,0,0,0,0,,,,,,,,,,,TRUE,"cw"
"default_tuned","score300_default_tuned","default_tuned",100,TRUE,"UARL","RB","any",397,0,288,109,154,206,209,209,0.72544080604534,0.387909319899244,0.518891687657431,0.526448362720403,0.526448362720403,0,0,397,154,397,209,0.387909319899244,0.526448362720403,1718.13,465.13,655.75,,,,,,TRUE,"cw"
"default_tuned","score300_default_tuned","default_tuned",100,TRUE,"UARL","RB","spawn",13,0,8,5,5,6,6,6,0.615384615384615,0.384615384615385,0.461538461538462,0.461538461538462,0.461538461538462,0,0,13,5,13,6,0.384615384615385,0.461538461538462,1718.13,465.13,655.75,,,,,,TRUE,"cw"
"default_tuned","score300_default_tuned","default_tuned",100,TRUE,"UARL","RB","rear",227,0,158,69,79,108,109,109,0.696035242290749,0.348017621145374,0.475770925110132,0.480176211453745,0.480176211453745,0,0,227,79,227,109,0.348017621145374,0.480176211453745,1718.13,465.13,655.75,,,,,,TRUE,"cw"
"default_tuned","score300_default_tuned","default_tuned",100,TRUE,"UBTN","BT","any",1,0,1,0,1,1,1,1,1,1,1,1,1,0,0,1,1,1,1,1,1,8292.29,2049.2,3074.02,,,,,,TRUE,"cw"
"default_tuned","score300_default_tuned","default_tuned",100,TRUE,"UBTN","BT","spawn",0,0,0,0,0,0,0,0,,,,,,0,0,0,0,0,0,,,8292.29,2049.2,3074.02,,,,,,TRUE,"cw"
"default_tuned","score300_default_tuned","default_tuned",100,TRUE,"UBTN","BT","rear",0,0,0,0,0,0,0,0,,,,,,0,0,0,0,0,0,,,8292.29,2049.2,3074.02,,,,,,TRUE,"cw"
"default_tuned","score300_default_tuned","default_tuned",100,TRUE,"UBTN","GR","any",57,0,55,2,35,48,48,48,0.964912280701754,0.614035087719298,0.842105263157895,0.842105263157895,0.842105263157895,0,0,57,35,57,48,0.614035087719298,0.842105263157895,7388.85,1254.66,2087.06,,,,,,TRUE,"cw"
"default_tuned","score300_default_tuned","default_tuned",100,TRUE,"UBTN","GR","spawn",0,0,0,0,0,0,0,0,,,,,,0,0,0,0,0,0,,,7388.85,1254.66,2087.06,,,,,,TRUE,"cw"
"default_tuned","score300_default_tuned","default_tuned",100,TRUE,"UBTN","GR","rear",27,0,25,2,14,21,21,21,0.925925925925926,0.518518518518518,0.777777777777778,0.777777777777778,0.777777777777778,0,0,27,14,27,21,0.518518518518518,0.777777777777778,7388.85,1254.66,2087.06,,,,,,TRUE,"cw"
"default_tuned","score300_default_tuned","default_tuned",100,TRUE,"UBTN","KO","any",0,0,0,0,0,0,0,0,,,,,,0,0,0,0,0,0,,,,,,,,,,,TRUE,"cw"
"default_tuned","score300_default_tuned","default_tuned",100,TRUE,"UBTN","KO","spawn",0,0,0,0,0,0,0,0,,,,,,0,0,0,0,0,0,,,,,,,,,,,TRUE,"cw"
"default_tuned","score300_default_tuned","default_tuned",100,TRUE,"UBTN","KO","rear",0,0,0,0,0,0,0,0,,,,,,0,0,0,0,0,0,,,,,,,,,,,TRUE,"cw"
"default_tuned","score300_default_tuned","default_tuned",100,TRUE,"UBTN","RB","any",0,0,0,0,0,0,0,0,,,,,,0,0,0,0,0,0,,,8292.29,2049.2,3223.93,,,,,,TRUE,"cw"
"default_tuned","score300_default_tuned","default_tuned",100,TRUE,"UBTN","RB","spawn",0,0,0,0,0,0,0,0,,,,,,0,0,0,0,0,0,,,8292.29,2049.2,3223.93,,,,,,TRUE,"cw"
"default_tuned","score300_default_tuned","default_tuned",100,TRUE,"UBTN","RB","rear",0,0,0,0,0,0,0,0,,,,,,0,0,0,0,0,0,,,8292.29,2049.2,3223.93,,,,,,TRUE,"cw"
"bt_mad_fill","score300_bt_mad_fill","bt_mad_fill",0,TRUE,"ELKR","BT","any",582,0,578,4,506,552,553,553,0.993127147766323,0.869415807560137,0.948453608247423,0.950171821305842,0.950171821305842,0,0,582,506,582,553,0.869415807560137,0.950171821305842,4325.16,1384.23,1764.3,,,,,,FALSE,"mad"
"bt_mad_fill","score300_bt_mad_fill","bt_mad_fill",0,TRUE,"ELKR","BT","spawn",0,0,0,0,0,0,0,0,,,,,,0,0,0,0,0,0,,,4325.16,1384.23,1764.3,,,,,,FALSE,"mad"
"bt_mad_fill","score300_bt_mad_fill","bt_mad_fill",0,TRUE,"ELKR","BT","rear",0,0,0,0,0,0,0,0,,,,,,0,0,0,0,0,0,,,4325.16,1384.23,1764.3,,,,,,FALSE,"mad"
"bt_mad_fill","score300_bt_mad_fill","bt_mad_fill",0,TRUE,"KOTL","BT","any",206,0,203,3,119,173,181,181,0.985436893203884,0.577669902912621,0.839805825242718,0.878640776699029,0.878640776699029,0,0,206,119,206,181,0.577669902912621,0.878640776699029,3619.68,989.55,1549.7,,,,,,FALSE,"mad"
"bt_mad_fill","score300_bt_mad_fill","bt_mad_fill",0,TRUE,"KOTL","BT","spawn",0,0,0,0,0,0,0,0,,,,,,0,0,0,0,0,0,,,3619.68,989.55,1549.7,,,,,,FALSE,"mad"
"bt_mad_fill","score300_bt_mad_fill","bt_mad_fill",0,TRUE,"KOTL","BT","rear",0,0,0,0,0,0,0,0,,,,,,0,0,0,0,0,0,,,3619.68,989.55,1549.7,,,,,,FALSE,"mad"
"bt_mad_fill","score300_bt_mad_fill","bt_mad_fill",0,TRUE,"KOTR","BT","any",184,0,183,1,136,159,159,159,0.994565217391304,0.739130434782609,0.864130434782609,0.864130434782609,0.864130434782609,0,0,184,136,184,159,0.739130434782609,0.864130434782609,2551.21,840.05,1176.48,,,,,,FALSE,"mad"
"bt_mad_fill","score300_bt_mad_fill","bt_mad_fill",0,TRUE,"KOTR","BT","spawn",0,0,0,0,0,0,0,0,,,,,,0,0,0,0,0,0,,,2551.21,840.05,1176.48,,,,,,FALSE,"mad"
"bt_mad_fill","score300_bt_mad_fill","bt_mad_fill",0,TRUE,"KOTR","BT","rear",0,0,0,0,0,0,0,0,,,,,,0,0,0,0,0,0,,,2551.21,840.05,1176.48,,,,,,FALSE,"mad"
"bt_mad_fill","score300_bt_mad_fill","bt_mad_fill",0,TRUE,"LHAF","BT","any",121,0,121,0,99,106,106,106,1,0.818181818181818,0.87603305785124,0.87603305785124,0.87603305785124,0,0,121,99,121,106,0.818181818181818,0.87603305785124,7612.75,1176.16,1516.96,,,,,,FALSE,"mad"
"bt_mad_fill","score300_bt_mad_fill","bt_mad_fill",0,TRUE,"LHAF","BT","spawn",0,0,0,0,0,0,0,0,,,,,,0,0,0,0,0,0,,,7612.75,1176.16,1516.96,,,,,,FALSE,"mad"
"bt_mad_fill","score300_bt_mad_fill","bt_mad_fill",0,TRUE,"LHAF","BT","rear",0,0,0,0,0,0,0,0,,,,,,0,0,0,0,0,0,,,7612.75,1176.16,1516.96,,,,,,FALSE,"mad"
"bt_mad_fill","score300_bt_mad_fill","bt_mad_fill",0,TRUE,"MURR","BT","any",263,0,260,3,234,243,245,245,0.988593155893536,0.889733840304182,0.923954372623574,0.931558935361217,0.931558935361217,0,0,263,234,263,245,0.889733840304182,0.931558935361217,6111.15,1209.25,1561.72,,,,,,FALSE,"mad"
"bt_mad_fill","score300_bt_mad_fill","bt_mad_fill",0,TRUE,"MURR","BT","spawn",3,0,3,0,3,3,3,3,1,1,1,1,1,0,0,3,3,3,3,1,1,6111.15,1209.25,1561.72,,,,,,FALSE,"mad"
"bt_mad_fill","score300_bt_mad_fill","bt_mad_fill",0,TRUE,"MURR","BT","rear",1,0,1,0,1,1,1,1,1,1,1,1,1,0,0,1,1,1,1,1,1,6111.15,1209.25,1561.72,,,,,,FALSE,"mad"
"bt_mad_fill","score300_bt_mad_fill","bt_mad_fill",0,TRUE,"PARS","BT","any",281,0,281,0,225,255,255,255,1,0.800711743772242,0.907473309608541,0.907473309608541,0.907473309608541,0,0,281,225,281,255,0.800711743772242,0.907473309608541,6883.03,1566.36,2263.52,,,,,,FALSE,"mad"
"bt_mad_fill","score300_bt_mad_fill","bt_mad_fill",0,TRUE,"PARS","BT","spawn",0,0,0,0,0,0,0,0,,,,,,0,0,0,0,0,0,,,6883.03,1566.36,2263.52,,,,,,FALSE,"mad"
"bt_mad_fill","score300_bt_mad_fill","bt_mad_fill",0,TRUE,"PARS","BT","rear",0,0,0,0,0,0,0,0,,,,,,0,0,0,0,0,0,,,6883.03,1566.36,2263.52,,,,,,FALSE,"mad"
"bt_mad_fill","score300_bt_mad_fill","bt_mad_fill",0,TRUE,"REVL","BT","any",308,0,300,8,197,246,250,250,0.974025974025974,0.63961038961039,0.798701298701299,0.811688311688312,0.811688311688312,0,0,308,197,308,250,0.63961038961039,0.811688311688312,1133.38,429.78,602.61,,,,,,FALSE,"mad"
"bt_mad_fill","score300_bt_mad_fill","bt_mad_fill",0,TRUE,"REVL","BT","spawn",0,0,0,0,0,0,0,0,,,,,,0,0,0,0,0,0,,,1133.38,429.78,602.61,,,,,,FALSE,"mad"
"bt_mad_fill","score300_bt_mad_fill","bt_mad_fill",0,TRUE,"REVL","BT","rear",0,0,0,0,0,0,0,0,,,,,,0,0,0,0,0,0,,,1133.38,429.78,602.61,,,,,,FALSE,"mad"
"bt_mad_fill","score300_bt_mad_fill","bt_mad_fill",0,TRUE,"UARL","BT","any",242,0,240,2,117,183,185,185,0.991735537190083,0.483471074380165,0.756198347107438,0.764462809917355,0.764462809917355,0,0,242,117,242,185,0.483471074380165,0.764462809917355,1913.74,575.54,874.91,,,,,,FALSE,"mad"
"bt_mad_fill","score300_bt_mad_fill","bt_mad_fill",0,TRUE,"UARL","BT","spawn",0,0,0,0,0,0,0,0,,,,,,0,0,0,0,0,0,,,1913.74,575.54,874.91,,,,,,FALSE,"mad"
"bt_mad_fill","score300_bt_mad_fill","bt_mad_fill",0,TRUE,"UARL","BT","rear",0,0,0,0,0,0,0,0,,,,,,0,0,0,0,0,0,,,1913.74,575.54,874.91,,,,,,FALSE,"mad"
"bt_mad_fill","score300_bt_mad_fill","bt_mad_fill",0,TRUE,"UBTN","BT","any",1,0,1,0,1,1,1,1,1,1,1,1,1,0,0,1,1,1,1,1,1,8292.29,1193.97,1707.92,,,,,,FALSE,"mad"
"bt_mad_fill","score300_bt_mad_fill","bt_mad_fill",0,TRUE,"UBTN","BT","spawn",0,0,0,0,0,0,0,0,,,,,,0,0,0,0,0,0,,,8292.29,1193.97,1707.92,,,,,,FALSE,"mad"
"bt_mad_fill","score300_bt_mad_fill","bt_mad_fill",0,TRUE,"UBTN","BT","rear",0,0,0,0,0,0,0,0,,,,,,0,0,0,0,0,0,,,8292.29,1193.97,1707.92,,,,,,FALSE,"mad"
"bt_mad_fill","score300_bt_mad_fill","bt_mad_fill",100,TRUE,"ELKR","BT","any",582,0,578,4,517,553,554,554,0.993127147766323,0.888316151202749,0.950171821305842,0.951890034364261,0.951890034364261,0,0,582,517,582,554,0.888316151202749,0.951890034364261,4325.16,1384.23,1764.3,,,,,,FALSE,"mad"
"bt_mad_fill","score300_bt_mad_fill","bt_mad_fill",100,TRUE,"ELKR","BT","spawn",0,0,0,0,0,0,0,0,,,,,,0,0,0,0,0,0,,,4325.16,1384.23,1764.3,,,,,,FALSE,"mad"
"bt_mad_fill","score300_bt_mad_fill","bt_mad_fill",100,TRUE,"ELKR","BT","rear",0,0,0,0,0,0,0,0,,,,,,0,0,0,0,0,0,,,4325.16,1384.23,1764.3,,,,,,FALSE,"mad"
"bt_mad_fill","score300_bt_mad_fill","bt_mad_fill",100,TRUE,"KOTL","BT","any",206,0,203,3,130,177,181,181,0.985436893203884,0.631067961165049,0.859223300970874,0.878640776699029,0.878640776699029,0,0,206,130,206,181,0.631067961165049,0.878640776699029,3619.68,989.55,1549.7,,,,,,FALSE,"mad"
"bt_mad_fill","score300_bt_mad_fill","bt_mad_fill",100,TRUE,"KOTL","BT","spawn",0,0,0,0,0,0,0,0,,,,,,0,0,0,0,0,0,,,3619.68,989.55,1549.7,,,,,,FALSE,"mad"
"bt_mad_fill","score300_bt_mad_fill","bt_mad_fill",100,TRUE,"KOTL","BT","rear",0,0,0,0,0,0,0,0,,,,,,0,0,0,0,0,0,,,3619.68,989.55,1549.7,,,,,,FALSE,"mad"
"bt_mad_fill","score300_bt_mad_fill","bt_mad_fill",100,TRUE,"KOTR","BT","any",184,0,183,1,139,160,160,160,0.994565217391304,0.755434782608696,0.869565217391304,0.869565217391304,0.869565217391304,0,0,184,139,184,160,0.755434782608696,0.869565217391304,2551.21,840.05,1176.48,,,,,,FALSE,"mad"
"bt_mad_fill","score300_bt_mad_fill","bt_mad_fill",100,TRUE,"KOTR","BT","spawn",0,0,0,0,0,0,0,0,,,,,,0,0,0,0,0,0,,,2551.21,840.05,1176.48,,,,,,FALSE,"mad"
"bt_mad_fill","score300_bt_mad_fill","bt_mad_fill",100,TRUE,"KOTR","BT","rear",0,0,0,0,0,0,0,0,,,,,,0,0,0,0,0,0,,,2551.21,840.05,1176.48,,,,,,FALSE,"mad"
"bt_mad_fill","score300_bt_mad_fill","bt_mad_fill",100,TRUE,"LHAF","BT","any",121,0,121,0,99,106,106,106,1,0.818181818181818,0.87603305785124,0.87603305785124,0.87603305785124,0,0,121,99,121,106,0.818181818181818,0.87603305785124,7612.75,1176.16,1516.96,,,,,,FALSE,"mad"
"bt_mad_fill","score300_bt_mad_fill","bt_mad_fill",100,TRUE,"LHAF","BT","spawn",0,0,0,0,0,0,0,0,,,,,,0,0,0,0,0,0,,,7612.75,1176.16,1516.96,,,,,,FALSE,"mad"
"bt_mad_fill","score300_bt_mad_fill","bt_mad_fill",100,TRUE,"LHAF","BT","rear",0,0,0,0,0,0,0,0,,,,,,0,0,0,0,0,0,,,7612.75,1176.16,1516.96,,,,,,FALSE,"mad"
"bt_mad_fill","score300_bt_mad_fill","bt_mad_fill",100,TRUE,"MURR","BT","any",263,0,260,3,238,243,245,245,0.988593155893536,0.904942965779468,0.923954372623574,0.931558935361217,0.931558935361217,0,0,263,238,263,245,0.904942965779468,0.931558935361217,6111.15,1209.25,1561.72,,,,,,FALSE,"mad"
"bt_mad_fill","score300_bt_mad_fill","bt_mad_fill",100,TRUE,"MURR","BT","spawn",3,0,3,0,3,3,3,3,1,1,1,1,1,0,0,3,3,3,3,1,1,6111.15,1209.25,1561.72,,,,,,FALSE,"mad"
"bt_mad_fill","score300_bt_mad_fill","bt_mad_fill",100,TRUE,"MURR","BT","rear",1,0,1,0,1,1,1,1,1,1,1,1,1,0,0,1,1,1,1,1,1,6111.15,1209.25,1561.72,,,,,,FALSE,"mad"
"bt_mad_fill","score300_bt_mad_fill","bt_mad_fill",100,TRUE,"PARS","BT","any",281,0,281,0,228,257,257,257,1,0.811387900355872,0.914590747330961,0.914590747330961,0.914590747330961,0,0,281,228,281,257,0.811387900355872,0.914590747330961,6883.03,1566.36,2263.52,,,,,,FALSE,"mad"
"bt_mad_fill","score300_bt_mad_fill","bt_mad_fill",100,TRUE,"PARS","BT","spawn",0,0,0,0,0,0,0,0,,,,,,0,0,0,0,0,0,,,6883.03,1566.36,2263.52,,,,,,FALSE,"mad"
"bt_mad_fill","score300_bt_mad_fill","bt_mad_fill",100,TRUE,"PARS","BT","rear",0,0,0,0,0,0,0,0,,,,,,0,0,0,0,0,0,,,6883.03,1566.36,2263.52,,,,,,FALSE,"mad"
"bt_mad_fill","score300_bt_mad_fill","bt_mad_fill",100,TRUE,"REVL","BT","any",308,0,300,8,201,248,251,251,0.974025974025974,0.652597402597403,0.805194805194805,0.814935064935065,0.814935064935065,0,0,308,201,308,251,0.652597402597403,0.814935064935065,1133.38,429.78,602.61,,,,,,FALSE,"mad"
"bt_mad_fill","score300_bt_mad_fill","bt_mad_fill",100,TRUE,"REVL","BT","spawn",0,0,0,0,0,0,0,0,,,,,,0,0,0,0,0,0,,,1133.38,429.78,602.61,,,,,,FALSE,"mad"
"bt_mad_fill","score300_bt_mad_fill","bt_mad_fill",100,TRUE,"REVL","BT","rear",0,0,0,0,0,0,0,0,,,,,,0,0,0,0,0,0,,,1133.38,429.78,602.61,,,,,,FALSE,"mad"
"bt_mad_fill","score300_bt_mad_fill","bt_mad_fill",100,TRUE,"UARL","BT","any",242,0,240,2,124,191,191,191,0.991735537190083,0.512396694214876,0.789256198347107,0.789256198347107,0.789256198347107,0,0,242,124,242,191,0.512396694214876,0.789256198347107,1913.74,575.54,874.91,,,,,,FALSE,"mad"
"bt_mad_fill","score300_bt_mad_fill","bt_mad_fill",100,TRUE,"UARL","BT","spawn",0,0,0,0,0,0,0,0,,,,,,0,0,0,0,0,0,,,1913.74,575.54,874.91,,,,,,FALSE,"mad"
"bt_mad_fill","score300_bt_mad_fill","bt_mad_fill",100,TRUE,"UARL","BT","rear",0,0,0,0,0,0,0,0,,,,,,0,0,0,0,0,0,,,1913.74,575.54,874.91,,,,,,FALSE,"mad"
"bt_mad_fill","score300_bt_mad_fill","bt_mad_fill",100,TRUE,"UBTN","BT","any",1,0,1,0,1,1,1,1,1,1,1,1,1,0,0,1,1,1,1,1,1,8292.29,1193.97,1707.92,,,,,,FALSE,"mad"
"bt_mad_fill","score300_bt_mad_fill","bt_mad_fill",100,TRUE,"UBTN","BT","spawn",0,0,0,0,0,0,0,0,,,,,,0,0,0,0,0,0,,,8292.29,1193.97,1707.92,,,,,,FALSE,"mad"
"bt_mad_fill","score300_bt_mad_fill","bt_mad_fill",100,TRUE,"UBTN","BT","rear",0,0,0,0,0,0,0,0,,,,,,0,0,0,0,0,0,,,8292.29,1193.97,1707.92,,,,,,FALSE,"mad"
"gr_mad_fill","score300_gr_mad_fill","gr_mad_fill",0,TRUE,"LHAF","GR","any",109,0,109,0,63,63,63,63,1,0.577981651376147,0.577981651376147,0.577981651376147,0.577981651376147,0,0,109,63,109,63,0.577981651376147,0.577981651376147,4917.66,309.3,317.87,,,,,,FALSE,"mad"
"gr_mad_fill","score300_gr_mad_fill","gr_mad_fill",0,TRUE,"LHAF","GR","spawn",0,0,0,0,0,0,0,0,,,,,,0,0,0,0,0,0,,,4917.66,309.3,317.87,,,,,,FALSE,"mad"
"gr_mad_fill","score300_gr_mad_fill","gr_mad_fill",0,TRUE,"LHAF","GR","rear",12,0,12,0,1,1,1,1,1,0.0833333333333333,0.0833333333333333,0.0833333333333333,0.0833333333333333,0,0,12,1,12,1,0.0833333333333333,0.0833333333333333,4917.66,309.3,317.87,,,,,,FALSE,"mad"
"gr_mad_fill","score300_gr_mad_fill","gr_mad_fill",0,TRUE,"MURR","GR","any",95,0,92,3,56,56,56,56,0.968421052631579,0.589473684210526,0.589473684210526,0.589473684210526,0.589473684210526,0,0,95,56,95,56,0.589473684210526,0.589473684210526,3299.8,477.58,484.33,,,,,,FALSE,"mad"
"gr_mad_fill","score300_gr_mad_fill","gr_mad_fill",0,TRUE,"MURR","GR","spawn",2,0,2,0,1,1,1,1,1,0.5,0.5,0.5,0.5,0,0,2,1,2,1,0.5,0.5,3299.8,477.58,484.33,,,,,,FALSE,"mad"
"gr_mad_fill","score300_gr_mad_fill","gr_mad_fill",0,TRUE,"MURR","GR","rear",12,0,12,0,6,6,6,6,1,0.5,0.5,0.5,0.5,0,0,12,6,12,6,0.5,0.5,3299.8,477.58,484.33,,,,,,FALSE,"mad"
"gr_mad_fill","score300_gr_mad_fill","gr_mad_fill",0,TRUE,"PARS","GR","any",196,0,191,5,186,189,189,189,0.974489795918367,0.948979591836735,0.964285714285714,0.964285714285714,0.964285714285714,0,0,196,186,196,189,0.948979591836735,0.964285714285714,4442.31,800.48,829.59,,,,,,FALSE,"mad"
"gr_mad_fill","score300_gr_mad_fill","gr_mad_fill",0,TRUE,"PARS","GR","spawn",1,0,1,0,1,1,1,1,1,1,1,1,1,0,0,1,1,1,1,1,1,4442.31,800.48,829.59,,,,,,FALSE,"mad"
"gr_mad_fill","score300_gr_mad_fill","gr_mad_fill",0,TRUE,"PARS","GR","rear",99,0,97,2,97,97,97,97,0.97979797979798,0.97979797979798,0.97979797979798,0.97979797979798,0.97979797979798,0,0,99,97,99,97,0.97979797979798,0.97979797979798,4442.31,800.48,829.59,,,,,,FALSE,"mad"
"gr_mad_fill","score300_gr_mad_fill","gr_mad_fill",0,TRUE,"UBTN","GR","any",57,0,55,2,5,5,5,5,0.964912280701754,0.087719298245614,0.087719298245614,0.087719298245614,0.087719298245614,0,0,57,5,57,5,0.087719298245614,0.087719298245614,7388.85,308.94,305.67,,,,,,FALSE,"mad"
"gr_mad_fill","score300_gr_mad_fill","gr_mad_fill",0,TRUE,"UBTN","GR","spawn",0,0,0,0,0,0,0,0,,,,,,0,0,0,0,0,0,,,7388.85,308.94,305.67,,,,,,FALSE,"mad"
"gr_mad_fill","score300_gr_mad_fill","gr_mad_fill",0,TRUE,"UBTN","GR","rear",27,0,25,2,1,1,1,1,0.925925925925926,0.037037037037037,0.037037037037037,0.037037037037037,0.037037037037037,0,0,27,1,27,1,0.037037037037037,0.037037037037037,7388.85,308.94,305.67,,,,,,FALSE,"mad"
"gr_mad_fill","score300_gr_mad_fill","gr_mad_fill",100,TRUE,"LHAF","GR","any",109,0,109,0,64,64,64,64,1,0.587155963302752,0.587155963302752,0.587155963302752,0.587155963302752,0,0,109,64,109,64,0.587155963302752,0.587155963302752,4917.66,309.3,317.87,,,,,,FALSE,"mad"
"gr_mad_fill","score300_gr_mad_fill","gr_mad_fill",100,TRUE,"LHAF","GR","spawn",0,0,0,0,0,0,0,0,,,,,,0,0,0,0,0,0,,,4917.66,309.3,317.87,,,,,,FALSE,"mad"
"gr_mad_fill","score300_gr_mad_fill","gr_mad_fill",100,TRUE,"LHAF","GR","rear",12,0,12,0,1,1,1,1,1,0.0833333333333333,0.0833333333333333,0.0833333333333333,0.0833333333333333,0,0,12,1,12,1,0.0833333333333333,0.0833333333333333,4917.66,309.3,317.87,,,,,,FALSE,"mad"
"gr_mad_fill","score300_gr_mad_fill","gr_mad_fill",100,TRUE,"MURR","GR","any",95,0,92,3,56,56,56,56,0.968421052631579,0.589473684210526,0.589473684210526,0.589473684210526,0.589473684210526,0,0,95,56,95,56,0.589473684210526,0.589473684210526,3299.8,477.58,484.33,,,,,,FALSE,"mad"
"gr_mad_fill","score300_gr_mad_fill","gr_mad_fill",100,TRUE,"MURR","GR","spawn",2,0,2,0,1,1,1,1,1,0.5,0.5,0.5,0.5,0,0,2,1,2,1,0.5,0.5,3299.8,477.58,484.33,,,,,,FALSE,"mad"
"gr_mad_fill","score300_gr_mad_fill","gr_mad_fill",100,TRUE,"MURR","GR","rear",12,0,12,0,6,6,6,6,1,0.5,0.5,0.5,0.5,0,0,12,6,12,6,0.5,0.5,3299.8,477.58,484.33,,,,,,FALSE,"mad"
"gr_mad_fill","score300_gr_mad_fill","gr_mad_fill",100,TRUE,"PARS","GR","any",196,0,191,5,187,189,189,189,0.974489795918367,0.954081632653061,0.964285714285714,0.964285714285714,0.964285714285714,0,0,196,187,196,189,0.954081632653061,0.964285714285714,4442.31,800.48,829.59,,,,,,FALSE,"mad"
"gr_mad_fill","score300_gr_mad_fill","gr_mad_fill",100,TRUE,"PARS","GR","spawn",1,0,1,0,1,1,1,1,1,1,1,1,1,0,0,1,1,1,1,1,1,4442.31,800.48,829.59,,,,,,FALSE,"mad"
"gr_mad_fill","score300_gr_mad_fill","gr_mad_fill",100,TRUE,"PARS","GR","rear",99,0,97,2,97,97,97,97,0.97979797979798,0.97979797979798,0.97979797979798,0.97979797979798,0.97979797979798,0,0,99,97,99,97,0.97979797979798,0.97979797979798,4442.31,800.48,829.59,,,,,,FALSE,"mad"
"gr_mad_fill","score300_gr_mad_fill","gr_mad_fill",100,TRUE,"UBTN","GR","any",57,0,55,2,5,5,5,5,0.964912280701754,0.087719298245614,0.087719298245614,0.087719298245614,0.087719298245614,0,0,57,5,57,5,0.087719298245614,0.087719298245614,7388.85,308.94,305.67,,,,,,FALSE,"mad"
"gr_mad_fill","score300_gr_mad_fill","gr_mad_fill",100,TRUE,"UBTN","GR","spawn",0,0,0,0,0,0,0,0,,,,,,0,0,0,0,0,0,,,7388.85,308.94,305.67,,,,,,FALSE,"mad"
"gr_mad_fill","score300_gr_mad_fill","gr_mad_fill",100,TRUE,"UBTN","GR","rear",27,0,25,2,1,1,1,1,0.925925925925926,0.037037037037037,0.037037037037037,0.037037037037037,0.037037037037037,0,0,27,1,27,1,0.037037037037037,0.037037037037037,7388.85,308.94,305.67,,,,,,FALSE,"mad"
"rb_mad_fill","score300_rb_mad_fill","rb_mad_fill",0,TRUE,"ELKR","RB","any",34,0,33,1,28,33,33,33,0.970588235294118,0.823529411764706,0.970588235294118,0.970588235294118,0.970588235294118,0,0,34,28,34,33,0.823529411764706,0.970588235294118,2515.89,1552.15,1824.31,,,,,,FALSE,"mad"
"rb_mad_fill","score300_rb_mad_fill","rb_mad_fill",0,TRUE,"ELKR","RB","spawn",0,0,0,0,0,0,0,0,,,,,,0,0,0,0,0,0,,,2515.89,1552.15,1824.31,,,,,,FALSE,"mad"
"rb_mad_fill","score300_rb_mad_fill","rb_mad_fill",0,TRUE,"ELKR","RB","rear",11,0,11,0,9,11,11,11,1,0.818181818181818,1,1,1,0,0,11,9,11,11,0.818181818181818,1,2515.89,1552.15,1824.31,,,,,,FALSE,"mad"
"rb_mad_fill","score300_rb_mad_fill","rb_mad_fill",0,TRUE,"KETL","RB","any",456,0,393,63,229,291,305,309,0.861842105263158,0.50219298245614,0.638157894736842,0.668859649122807,0.677631578947368,0,0,456,229,456,305,0.50219298245614,0.668859649122807,5792.57,1830.65,2360.11,,,,,,FALSE,"mad"
"rb_mad_fill","score300_rb_mad_fill","rb_mad_fill",0,TRUE,"KETL","RB","spawn",61,0,55,6,23,29,43,44,0.901639344262295,0.377049180327869,0.475409836065574,0.704918032786885,0.721311475409836,0,0,61,23,61,43,0.377049180327869,0.704918032786885,5792.57,1830.65,2360.11,,,,,,FALSE,"mad"
"rb_mad_fill","score300_rb_mad_fill","rb_mad_fill",0,TRUE,"KETL","RB","rear",217,0,184,33,97,133,135,137,0.847926267281106,0.447004608294931,0.612903225806452,0.622119815668203,0.631336405529954,0,0,217,97,217,135,0.447004608294931,0.622119815668203,5792.57,1830.65,2360.11,,,,,,FALSE,"mad"
"rb_mad_fill","score300_rb_mad_fill","rb_mad_fill",0,TRUE,"KOTL","RB","any",415,0,345,70,185,230,244,245,0.831325301204819,0.44578313253012,0.55421686746988,0.587951807228916,0.590361445783133,0,0,415,185,415,244,0.44578313253012,0.587951807228916,3614.72,1180.3,1591.25,,,,,,FALSE,"mad"
"rb_mad_fill","score300_rb_mad_fill","rb_mad_fill",0,TRUE,"KOTL","RB","spawn",18,0,18,0,8,12,14,14,1,0.444444444444444,0.666666666666667,0.777777777777778,0.777777777777778,0,0,18,8,18,14,0.444444444444444,0.777777777777778,3614.72,1180.3,1591.25,,,,,,FALSE,"mad"
"rb_mad_fill","score300_rb_mad_fill","rb_mad_fill",0,TRUE,"KOTL","RB","rear",196,0,147,49,70,89,89,90,0.75,0.357142857142857,0.454081632653061,0.454081632653061,0.459183673469388,0,0,196,70,196,89,0.357142857142857,0.454081632653061,3614.72,1180.3,1591.25,,,,,,FALSE,"mad"
"rb_mad_fill","score300_rb_mad_fill","rb_mad_fill",0,TRUE,"KOTR","RB","any",43,0,28,15,17,23,24,24,0.651162790697674,0.395348837209302,0.534883720930233,0.558139534883721,0.558139534883721,0,0,43,17,43,24,0.395348837209302,0.558139534883721,1281.96,532.47,652.76,,,,,,FALSE,"mad"
"rb_mad_fill","score300_rb_mad_fill","rb_mad_fill",0,TRUE,"KOTR","RB","spawn",1,0,0,1,0,0,0,0,0,0,0,0,0,0,0,1,0,1,0,0,0,1281.96,532.47,652.76,,,,,,FALSE,"mad"
"rb_mad_fill","score300_rb_mad_fill","rb_mad_fill",0,TRUE,"KOTR","RB","rear",9,0,7,2,4,6,6,6,0.777777777777778,0.444444444444444,0.666666666666667,0.666666666666667,0.666666666666667,0,0,9,4,9,6,0.444444444444444,0.666666666666667,1281.96,532.47,652.76,,,,,,FALSE,"mad"
"rb_mad_fill","score300_rb_mad_fill","rb_mad_fill",0,TRUE,"OKAN","RB","any",626,0,489,137,323,373,386,391,0.781150159744409,0.515974440894569,0.595846645367412,0.616613418530351,0.624600638977636,0,0,626,323,626,386,0.515974440894569,0.616613418530351,4718.82,1107.79,1380.74,,,,,,FALSE,"mad"
"rb_mad_fill","score300_rb_mad_fill","rb_mad_fill",0,TRUE,"OKAN","RB","spawn",67,0,29,38,15,20,22,23,0.432835820895522,0.223880597014925,0.298507462686567,0.328358208955224,0.343283582089552,0,0,67,15,67,22,0.223880597014925,0.328358208955224,4718.82,1107.79,1380.74,,,,,,FALSE,"mad"
"rb_mad_fill","score300_rb_mad_fill","rb_mad_fill",0,TRUE,"OKAN","RB","rear",216,0,190,26,146,161,161,161,0.87962962962963,0.675925925925926,0.74537037037037,0.74537037037037,0.74537037037037,0,0,216,146,216,161,0.675925925925926,0.74537037037037,4718.82,1107.79,1380.74,,,,,,FALSE,"mad"
"rb_mad_fill","score300_rb_mad_fill","rb_mad_fill",0,TRUE,"PARS","RB","any",282,0,0,282,215,238,238,243,0,0.76241134751773,0.843971631205674,0.843971631205674,0.861702127659574,0,0,282,215,282,238,0.76241134751773,0.843971631205674,,2168.51,2770.89,,,,,,FALSE,"mad"
"rb_mad_fill","score300_rb_mad_fill","rb_mad_fill",0,TRUE,"PARS","RB","spawn",1,0,0,1,1,1,1,1,0,1,1,1,1,0,0,1,1,1,1,1,1,,2168.51,2770.89,,,,,,FALSE,"mad"
"rb_mad_fill","score300_rb_mad_fill","rb_mad_fill",0,TRUE,"PARS","RB","rear",178,0,0,178,124,143,143,146,0,0.696629213483146,0.803370786516854,0.803370786516854,0.820224719101124,0,0,178,124,178,143,0.696629213483146,0.803370786516854,,2168.51,2770.89,,,,,,FALSE,"mad"
"rb_mad_fill","score300_rb_mad_fill","rb_mad_fill",0,TRUE,"REVL","RB","any",218,0,90,128,88,89,89,89,0.412844036697248,0.403669724770642,0.408256880733945,0.408256880733945,0.408256880733945,0,0,218,88,218,89,0.403669724770642,0.408256880733945,19.66,16.04,16.03,,,,,,FALSE,"mad"
"rb_mad_fill","score300_rb_mad_fill","rb_mad_fill",0,TRUE,"REVL","RB","spawn",2,0,0,2,0,0,0,0,0,0,0,0,0,0,0,2,0,2,0,0,0,19.66,16.04,16.03,,,,,,FALSE,"mad"
"rb_mad_fill","score300_rb_mad_fill","rb_mad_fill",0,TRUE,"REVL","RB","rear",56,0,23,33,22,23,23,23,0.410714285714286,0.392857142857143,0.410714285714286,0.410714285714286,0.410714285714286,0,0,56,22,56,23,0.392857142857143,0.410714285714286,19.66,16.04,16.03,,,,,,FALSE,"mad"
"rb_mad_fill","score300_rb_mad_fill","rb_mad_fill",0,TRUE,"SIML","RB","any",514,0,407,107,270,324,331,333,0.791828793774319,0.525291828793774,0.630350194552529,0.643968871595331,0.647859922178988,0,0,514,270,514,331,0.525291828793774,0.643968871595331,4621.52,1275.67,1721.07,,,,,,FALSE,"mad"
"rb_mad_fill","score300_rb_mad_fill","rb_mad_fill",0,TRUE,"SIML","RB","spawn",44,0,24,20,9,11,13,13,0.545454545454545,0.204545454545455,0.25,0.295454545454545,0.295454545454545,0,0,44,9,44,13,0.204545454545455,0.295454545454545,4621.52,1275.67,1721.07,,,,,,FALSE,"mad"
"rb_mad_fill","score300_rb_mad_fill","rb_mad_fill",0,TRUE,"SIML","RB","rear",161,0,115,46,66,83,83,84,0.714285714285714,0.409937888198758,0.515527950310559,0.515527950310559,0.521739130434783,0,0,161,66,161,83,0.409937888198758,0.515527950310559,4621.52,1275.67,1721.07,,,,,,FALSE,"mad"
"rb_mad_fill","score300_rb_mad_fill","rb_mad_fill",100,TRUE,"ELKR","RB","any",34,0,33,1,30,33,33,33,0.970588235294118,0.88235294117647,0.970588235294118,0.970588235294118,0.970588235294118,0,0,34,30,34,33,0.88235294117647,0.970588235294118,2515.89,1552.15,1824.31,,,,,,FALSE,"mad"
"rb_mad_fill","score300_rb_mad_fill","rb_mad_fill",100,TRUE,"ELKR","RB","spawn",0,0,0,0,0,0,0,0,,,,,,0,0,0,0,0,0,,,2515.89,1552.15,1824.31,,,,,,FALSE,"mad"
"rb_mad_fill","score300_rb_mad_fill","rb_mad_fill",100,TRUE,"ELKR","RB","rear",11,0,11,0,9,11,11,11,1,0.818181818181818,1,1,1,0,0,11,9,11,11,0.818181818181818,1,2515.89,1552.15,1824.31,,,,,,FALSE,"mad"
"rb_mad_fill","score300_rb_mad_fill","rb_mad_fill",100,TRUE,"KETL","RB","any",456,0,393,63,242,310,321,326,0.861842105263158,0.530701754385965,0.679824561403509,0.703947368421053,0.714912280701754,0,0,456,242,456,321,0.530701754385965,0.703947368421053,5792.57,1830.65,2360.11,,,,,,FALSE,"mad"
"rb_mad_fill","score300_rb_mad_fill","rb_mad_fill",100,TRUE,"KETL","RB","spawn",61,0,55,6,24,34,45,47,0.901639344262295,0.39344262295082,0.557377049180328,0.737704918032787,0.770491803278688,0,0,61,24,61,45,0.39344262295082,0.737704918032787,5792.57,1830.65,2360.11,,,,,,FALSE,"mad"
"rb_mad_fill","score300_rb_mad_fill","rb_mad_fill",100,TRUE,"KETL","RB","rear",217,0,184,33,102,140,142,144,0.847926267281106,0.470046082949309,0.645161290322581,0.654377880184332,0.663594470046083,0,0,217,102,217,142,0.470046082949309,0.654377880184332,5792.57,1830.65,2360.11,,,,,,FALSE,"mad"
"rb_mad_fill","score300_rb_mad_fill","rb_mad_fill",100,TRUE,"KOTL","RB","any",415,0,345,70,209,250,258,259,0.831325301204819,0.503614457831325,0.602409638554217,0.621686746987952,0.624096385542169,0,0,415,209,415,258,0.503614457831325,0.621686746987952,3614.72,1180.3,1591.25,,,,,,FALSE,"mad"
"rb_mad_fill","score300_rb_mad_fill","rb_mad_fill",100,TRUE,"KOTL","RB","spawn",18,0,18,0,11,14,15,15,1,0.611111111111111,0.777777777777778,0.833333333333333,0.833333333333333,0,0,18,11,18,15,0.611111111111111,0.833333333333333,3614.72,1180.3,1591.25,,,,,,FALSE,"mad"
"rb_mad_fill","score300_rb_mad_fill","rb_mad_fill",100,TRUE,"KOTL","RB","rear",196,0,147,49,74,94,94,95,0.75,0.377551020408163,0.479591836734694,0.479591836734694,0.48469387755102,0,0,196,74,196,94,0.377551020408163,0.479591836734694,3614.72,1180.3,1591.25,,,,,,FALSE,"mad"
"rb_mad_fill","score300_rb_mad_fill","rb_mad_fill",100,TRUE,"KOTR","RB","any",43,0,28,15,18,24,25,25,0.651162790697674,0.418604651162791,0.558139534883721,0.581395348837209,0.581395348837209,0,0,43,18,43,25,0.418604651162791,0.581395348837209,1281.96,532.47,652.76,,,,,,FALSE,"mad"
"rb_mad_fill","score300_rb_mad_fill","rb_mad_fill",100,TRUE,"KOTR","RB","spawn",1,0,0,1,0,0,0,0,0,0,0,0,0,0,0,1,0,1,0,0,0,1281.96,532.47,652.76,,,,,,FALSE,"mad"
"rb_mad_fill","score300_rb_mad_fill","rb_mad_fill",100,TRUE,"KOTR","RB","rear",9,0,7,2,4,6,6,6,0.777777777777778,0.444444444444444,0.666666666666667,0.666666666666667,0.666666666666667,0,0,9,4,9,6,0.444444444444444,0.666666666666667,1281.96,532.47,652.76,,,,,,FALSE,"mad"
"rb_mad_fill","score300_rb_mad_fill","rb_mad_fill",100,TRUE,"OKAN","RB","any",626,0,489,137,343,389,397,403,0.781150159744409,0.547923322683706,0.621405750798722,0.634185303514377,0.643769968051118,0,0,626,343,626,397,0.547923322683706,0.634185303514377,4718.82,1107.79,1380.74,,,,,,FALSE,"mad"
"rb_mad_fill","score300_rb_mad_fill","rb_mad_fill",100,TRUE,"OKAN","RB","spawn",67,0,29,38,18,22,23,24,0.432835820895522,0.26865671641791,0.328358208955224,0.343283582089552,0.358208955223881,0,0,67,18,67,23,0.26865671641791,0.343283582089552,4718.82,1107.79,1380.74,,,,,,FALSE,"mad"
"rb_mad_fill","score300_rb_mad_fill","rb_mad_fill",100,TRUE,"OKAN","RB","rear",216,0,190,26,151,164,164,164,0.87962962962963,0.699074074074074,0.759259259259259,0.759259259259259,0.759259259259259,0,0,216,151,216,164,0.699074074074074,0.759259259259259,4718.82,1107.79,1380.74,,,,,,FALSE,"mad"
"rb_mad_fill","score300_rb_mad_fill","rb_mad_fill",100,TRUE,"PARS","RB","any",282,0,0,282,217,238,238,243,0,0.769503546099291,0.843971631205674,0.843971631205674,0.861702127659574,0,0,282,217,282,238,0.769503546099291,0.843971631205674,,2168.51,2770.89,,,,,,FALSE,"mad"
"rb_mad_fill","score300_rb_mad_fill","rb_mad_fill",100,TRUE,"PARS","RB","spawn",1,0,0,1,1,1,1,1,0,1,1,1,1,0,0,1,1,1,1,1,1,,2168.51,2770.89,,,,,,FALSE,"mad"
"rb_mad_fill","score300_rb_mad_fill","rb_mad_fill",100,TRUE,"PARS","RB","rear",178,0,0,178,126,143,143,146,0,0.707865168539326,0.803370786516854,0.803370786516854,0.820224719101124,0,0,178,126,178,143,0.707865168539326,0.803370786516854,,2168.51,2770.89,,,,,,FALSE,"mad"
"rb_mad_fill","score300_rb_mad_fill","rb_mad_fill",100,TRUE,"REVL","RB","any",218,0,90,128,89,89,89,89,0.412844036697248,0.408256880733945,0.408256880733945,0.408256880733945,0.408256880733945,0,0,218,89,218,89,0.408256880733945,0.408256880733945,19.66,16.04,16.03,,,,,,FALSE,"mad"
"rb_mad_fill","score300_rb_mad_fill","rb_mad_fill",100,TRUE,"REVL","RB","spawn",2,0,0,2,0,0,0,0,0,0,0,0,0,0,0,2,0,2,0,0,0,19.66,16.04,16.03,,,,,,FALSE,"mad"
"rb_mad_fill","score300_rb_mad_fill","rb_mad_fill",100,TRUE,"REVL","RB","rear",56,0,23,33,23,23,23,23,0.410714285714286,0.410714285714286,0.410714285714286,0.410714285714286,0.410714285714286,0,0,56,23,56,23,0.410714285714286,0.410714285714286,19.66,16.04,16.03,,,,,,FALSE,"mad"
"rb_mad_fill","score300_rb_mad_fill","rb_mad_fill",100,TRUE,"SIML","RB","any",514,0,407,107,286,332,339,342,0.791828793774319,0.556420233463035,0.64591439688716,0.659533073929961,0.665369649805447,0,0,514,286,514,339,0.556420233463035,0.659533073929961,4621.52,1275.67,1721.07,,,,,,FALSE,"mad"
"rb_mad_fill","score300_rb_mad_fill","rb_mad_fill",100,TRUE,"SIML","RB","spawn",44,0,24,20,10,11,13,14,0.545454545454545,0.227272727272727,0.25,0.295454545454545,0.318181818181818,0,0,44,10,44,13,0.227272727272727,0.295454545454545,4621.52,1275.67,1721.07,,,,,,FALSE,"mad"
"rb_mad_fill","score300_rb_mad_fill","rb_mad_fill",100,TRUE,"SIML","RB","rear",161,0,115,46,72,86,86,87,0.714285714285714,0.447204968944099,0.53416149068323,0.53416149068323,0.540372670807453,0,0,161,72,161,86,0.447204968944099,0.53416149068323,4621.52,1275.67,1721.07,,,,,,FALSE,"mad"
"ko_mad_fill","score300_ko_mad_fill","ko_mad_fill",0,TRUE,"KOTL","KO","any",87,0,79,8,12,17,17,29,0.908045977011494,0.137931034482759,0.195402298850575,0.195402298850575,0.333333333333333,0,0,87,12,87,17,0.137931034482759,0.195402298850575,1994.3,122.83,568.63,,,,,,FALSE,"mad"
"ko_mad_fill","score300_ko_mad_fill","ko_mad_fill",0,TRUE,"KOTL","KO","spawn",47,0,41,6,1,10,10,11,0.872340425531915,0.0212765957446809,0.212765957446809,0.212765957446809,0.234042553191489,0,0,47,1,47,10,0.0212765957446809,0.212765957446809,1994.3,122.83,568.63,,,,,,FALSE,"mad"
"ko_mad_fill","score300_ko_mad_fill","ko_mad_fill",0,TRUE,"KOTL","KO","rear",4,0,3,1,1,0,0,1,0.75,0.25,0,0,0.25,0,0,4,1,4,0,0.25,0,1994.3,122.83,568.63,,,,,,FALSE,"mad"
"ko_mad_fill","score300_ko_mad_fill","ko_mad_fill",0,TRUE,"PARS","KO","any",3,0,0,3,0,0,0,0,0,0,0,0,0,0,0,3,0,3,0,0,0,,3.26,12.54,,,,,,FALSE,"mad"
"ko_mad_fill","score300_ko_mad_fill","ko_mad_fill",0,TRUE,"PARS","KO","spawn",0,0,0,0,0,0,0,0,,,,,,0,0,0,0,0,0,,,,3.26,12.54,,,,,,FALSE,"mad"
"ko_mad_fill","score300_ko_mad_fill","ko_mad_fill",0,TRUE,"PARS","KO","rear",1,0,0,1,0,0,0,0,0,0,0,0,0,0,0,1,0,1,0,0,0,,3.26,12.54,,,,,,FALSE,"mad"
"ko_mad_fill","score300_ko_mad_fill","ko_mad_fill",100,TRUE,"KOTL","KO","any",87,0,79,8,14,17,17,29,0.908045977011494,0.160919540229885,0.195402298850575,0.195402298850575,0.333333333333333,0,0,87,14,87,17,0.160919540229885,0.195402298850575,1994.3,122.83,568.63,,,,,,FALSE,"mad"
"ko_mad_fill","score300_ko_mad_fill","ko_mad_fill",100,TRUE,"KOTL","KO","spawn",47,0,41,6,3,10,10,11,0.872340425531915,0.0638297872340425,0.212765957446809,0.212765957446809,0.234042553191489,0,0,47,3,47,10,0.0638297872340425,0.212765957446809,1994.3,122.83,568.63,,,,,,FALSE,"mad"
"ko_mad_fill","score300_ko_mad_fill","ko_mad_fill",100,TRUE,"KOTL","KO","rear",4,0,3,1,1,0,0,1,0.75,0.25,0,0,0.25,0,0,4,1,4,0,0.25,0,1994.3,122.83,568.63,,,,,,FALSE,"mad"
"ko_mad_fill","score300_ko_mad_fill","ko_mad_fill",100,TRUE,"PARS","KO","any",3,0,0,3,0,0,0,0,0,0,0,0,0,0,0,3,0,3,0,0,0,,3.26,12.54,,,,,,FALSE,"mad"
"ko_mad_fill","score300_ko_mad_fill","ko_mad_fill",100,TRUE,"PARS","KO","spawn",0,0,0,0,0,0,0,0,,,,,,0,0,0,0,0,0,,,,3.26,12.54,,,,,,FALSE,"mad"
"ko_mad_fill","score300_ko_mad_fill","ko_mad_fill",100,TRUE,"PARS","KO","rear",1,0,0,1,0,0,0,0,0,0,0,0,0,0,0,1,0,1,0,0,0,,3.26,12.54,,,,,,FALSE,"mad"
