obs_species,project,n_locations,share
BT,01-JAN-93 Fisheries resources and enhancement potential of selected tributaries of the Williston reservoir,89,0.034765625
BT,Project ID/Name: 31/Anzac River Fish Inventory - 1999/2000/2001,53,0.020703125
BT,Project ID/Name: 35268/Enhancement monitoring Williston Tributaries,50,0.01953125
BT,Project ID/Name: 21722/Holmes Hydro IPP EIA - 2009,49,0.019140625
BT,Project ID/Name: 4702/Missinka Fish Inventory - 1998,40,0.015625
BT,01-DEC-98 FISH AND FISH HABITAT INVENTORY OF THE MESILINKA RIVER AND TRIBUTARIES,35,0.013671875
BT,Project ID/Name: 26954/Parsnip River Grayling Fry Distribution - 2005,32,0.0125
BT,01-JAN-94 Untitled,31,0.012109375
BT,01-MAR-02 PEACE RIVER COMMUNITY INDEXING PROGRAM - PHASE I STUDIES,28,0.0109375
BT,01-MAY-96 1995 STREAM CLASSIFICATION RESULTS FOR FLETCHER CHALLENGE CANADA LIMITED,28,0.0109375
CH,,182,0.10429799426934097
CH,Project ID/Name: 38258/Nechako Fry Emergence Project-2010,138,0.07908309455587392
CH,01-JAN-94 Untitled,47,0.026934097421203437
CH,"01-JAN-81 Juvenile chinook salmon studies in four tributaries to the Upper Fraser River, 1981.  Prepared for Dept. of Fish. and Oceans by  Beak Consultants Ltd. 158p. 1981",44,0.02521489971346705
CH,"01-JAN-81 Studies on juvenile chinook salmon (Oncorhynchus tshawytscha) in Bowron and Willow Rivers, B.C. during 1980.  Prepared by Envirocon Limited for the Dept. of Fisheries and Oceans. 1981",44,0.02521489971346705
CH,Project ID/Name: 23308/Lower Bridge River Aquatic Monitoring - 2007,32,0.01833810888252149
CH,"01-JAN-74 An assessment of the effects of the system E flood control proposal on the salmon resource of the Fraser River system. Prep.for Ecology Subcomm. of the Fraser River Upstream Storage Steering Committe by Fish. &  Marine Service, Vancouver. 1974",30,0.017191977077363897
CH,01-SEP-99 SUSTUT AND BULKLEY RIVERS JUVENILE STEELHEAD SURVEYS,27,0.015472779369627506
CH,Project ID/Name: 11918/Sarahs Fish Sampling Project - 2004,25,0.014326647564469915
CH,Project ID/Name: 25416/Fraser River Gravel Removal EIA - 2009,24,0.013753581661891117
DV,,382,0.19390862944162437
DV,01-JUL-99 1998 STREAM INVENTORY REPORT GOSNELL CREEK WATERSHED  WSC:  460-600600-50800-00500,105,0.0532994923857868
DV,01-MAR-93 FISHERIES RESOURCES AND ENHANCEMENT POTENTIALS OF SELECTED TRIBUTARIES OF THE WILLISTON RESERVOIR VOLUME II,92,0.046700507614213196
DV,01-OCT-97 STREAM INVENTORY THAUTIL RIVER WATERSHED 1996,61,0.030964467005076143
DV,Project ID/Name: 71/6-TritonWhole,49,0.024873096446700507
DV,01-JUN-98 RECONNAISANCE LEVEL FISH AND FISH HABITAT INVENTORY IN THE BULKLEY T.S.A. (WORKING UNIT #13 TELKWA),45,0.02284263959390863
DV,01-JUN-98 RECONNAISANCE LEVEL FISH AND FISH HABITAT INVENTORY IN THE BULKLEY T.S.A. (WORKING UNIT #6 - BLUNT),43,0.02182741116751269
DV,01-JAN-95 Kemess South Gold-copper project 1994 fisheries studies,32,0.016243654822335026
DV,01-NOV-96 STREAM INVENTORY AND CLASSIFICATION IN THE KISPIOX FOREST DISTRICT,31,0.015736040609137057
DV," AquaticS BIOPHYSICAL MAPS - 1:50000.  MAPS-BC, VICTORIA, B.C.",30,0.015228426395939087
